trade_date,open,high,low,close,volume,amount
2020/6/30,71.03,71.03,70.30,70.50,490.93,3625.00
2020/6/29,72.39,72.80,71.82,72.16,377.89,2874.60
2020/6/28,72.00,72.07,71.48,72.07,338.71,2558.30
2020/6/24,73.05,73.48,71.51,72.37,371.38,2807.60
2020/6/23,72.89,73.80,72.10,73.50,530.36,4030.50
2020/6/22,71.10,73.32,70.79,72.40,474.16,3686.90
2020/6/19,70.50,70.71,70.16,70.38,610.51,4757.90
2020/6/18,71.07,71.38,70.65,70.85,1105.82,8742.50
2020/6/17,70.68,71.17,70.25,71.02,393.13,2983.90
2020/6/16,70.45,70.79,70.00,70.13,416.57,3143.40
2020/6/15,69.65,72.43,69.38,70.99,424.10,3170.90
2020/6/12,69.65,69.96,69.38,69.64,346.94,2642.70
2020/6/11,69.57,69.80,69.32,69.39,518.30,3928.50
2020/6/10,70.08,70.30,69.56,69.97,519.46,3868.00
2020/6/9,69.10,69.26,68.41,68.86,358.69,2623.60
2020/6/8,68.40,69.67,67.76,69.67,310.52,2248.80
2020/6/5,69.00,70.47,68.90,69.32,298.01,2144.50
2020/6/4,70.11,70.35,69.01,69.17,279.57,2031.80
2020/6/3,68.60,69.39,68.45,69.15,433.43,3159.00
2020/6/2,71.25,71.29,69.72,69.72,345.29,2613.10
2020/6/1,69.48,71.00,69.35,70.19,403.51,3068.10
2020/5/29,70.60,71.23,69.88,70.35,602.29,4573.30
2020/5/28,67.95,69.05,67.82,68.95,459.73,3415.80
2020/5/27,66.00,67.50,66.00,66.76,461.04,3459.60
2020/5/26,68.71,69.40,67.35,69.00,461.53,3550.90
2020/5/25,69.10,69.87,66.32,67.81,453.96,3440.90
2020/5/22,72.53,72.88,69.85,69.87,529.86,4083.90
2020/5/21,71.65,73.00,70.89,72.14,585.70,4402.30
2020/5/20,74.50,74.52,71.80,72.00,704.76,5500.60
2020/5/19,72.14,75.98,72.10,74.71,843.75,6512.30
2020/5/18,77.25,77.48,76.53,76.65,671.32,5430.50
2020/5/15,79.18,79.25,78.15,78.15,767.26,6389.90
2020/5/14,78.14,79.78,77.83,79.18,1175.57,9676.70
2020/5/13,78.91,79.00,78.02,78.14,930.64,8038.10
2020/5/12,81.57,81.92,80.80,80.91,1323.43,11751.10
2020/5/11,81.01,82.76,80.62,82.45,987.57,8719.60
2020/5/9,79.90,80.75,79.90,80.58,793.99,6914.40
2020/5/8,80.48,80.57,79.26,79.49,983.65,8755.40
2020/5/7,78.32,80.20,78.32,79.58,799.56,6971.00
2020/5/6,78.60,79.29,77.71,77.72,1116.55,9710.30
2020/4/30,79.60,80.40,79.30,79.79,1502.92,13438.00
2020/4/29,79.45,80.76,79.11,79.83,1931.32,18127.80
2020/4/28,79.80,80.32,79.51,80.19,3160.85,29811.80
2020/4/27,81.00,81.30,80.50,80.72,2406.64,22352.60
2020/4/26,82.50,83.23,82.00,82.38,1765.80,15996.30
2020/4/24,82.00,83.61,81.35,83.28,1260.90,11196.70
2020/4/23,81.03,82.24,81.01,81.70,1721.90,15626.10
2020/4/22,81.81,82.11,81.44,81.55,2684.55,24682.30
2020/4/21,81.00,82.49,80.70,82.39,1633.40,14385.80
2020/4/20,80.37,81.26,80.21,81.00,1527.94,13398.00
2020/4/17,81.20,81.20,80.36,80.45,2109.01,18655.20
2020/4/16,81.10,81.46,80.55,81.20,1823.35,16551.80
2020/4/15,80.89,81.86,80.50,81.13,2671.78,24412.20
2020/4/14,80.35,80.64,79.90,80.30,3632.65,35897.90
2020/4/13,80.60,81.20,80.42,81.03,4794.89,51983.60
2020/4/10,81.18,81.97,80.38,81.52,4546.33,46614.30
2020/4/9,80.56,81.33,79.76,80.38,4483.49,41180.80
2020/4/8,78.30,80.97,78.20,80.43,4099.17,35691.90
2020/4/7,76.51,79.25,76.40,77.71,3703.60,30634.80
2020/4/3,84.01,84.56,82.48,83.49,1483.27,11435.40
2020/4/2,85.00,85.48,83.83,85.22,1371.35,10541.40
2020/4/1,87.00,87.29,85.60,85.60,835.65,6218.10
2020/3/31,88.30,88.70,87.35,87.60,329.57,2364.90
2020/3/30,86.15,86.90,85.85,86.25,242.15,1744.80
2020/3/27,86.31,86.37,85.55,85.55,135.85,986.40
2020/3/26,86.81,87.12,85.68,85.81,192.45,1401.00
2020/3/25,87.20,87.82,86.68,86.83,305.49,2251.90
2020/3/24,85.01,86.47,84.78,86.45,238.29,1734.80
2020/3/23,85.35,85.39,84.61,84.78,241.68,1763.30
2020/3/20,85.58,85.61,84.69,85.04,279.73,2036.40
2020/3/19,85.98,85.98,84.50,85.00,405.15,2948.20
2020/3/18,86.01,86.46,85.67,86.15,311.70,2296.00
2020/3/17,85.92,86.87,85.50,85.60,437.69,3214.50
2020/3/16,86.81,86.88,85.90,86.20,368.01,2709.60
2020/3/13,85.90,86.79,85.88,86.12,507.86,3759.00
2020/3/12,85.75,85.91,85.01,85.46,536.87,3960.10
2020/3/11,84.76,86.02,83.92,85.89,462.84,3339.70
2020/3/10,84.44,85.66,84.42,84.72,565.73,4095.60
2020/3/9,84.00,84.43,83.90,84.43,881.78,6351.50
2020/3/6,84.40,84.51,83.81,83.93,150.82,1056.60
2020/3/5,84.23,84.60,84.05,84.46,162.64,1138.00
2020/3/4,85.95,85.97,84.25,84.29,221.98,1557.80
2020/3/3,85.77,86.31,85.50,85.53,238.01,1697.60
2020/3/2,86.12,86.18,85.28,85.70,176.28,1263.70
2020/2/28,86.09,86.45,85.81,85.98,255.40,1828.20
2020/2/27,85.68,86.84,85.25,86.13,438.19,3131.10
2020/2/26,85.60,85.85,84.90,85.64,316.23,2203.80
2020/2/25,85.18,86.77,85.08,86.77,221.66,1525.40
2020/2/24,84.43,84.64,84.00,84.04,199.11,1364.60
2020/2/21,83.80,84.19,83.40,84.04,194.68,1341.70
2020/2/20,83.51,83.88,83.30,83.59,182.99,1262.70
2020/2/19,84.76,84.89,83.34,83.65,141.43,980.50
2020/2/18,84.90,84.95,84.33,84.74,170.65,1180.60
2020/2/17,84.51,85.00,84.08,84.67,154.19,1060.40
2020/2/14,83.60,84.13,83.37,84.07,80.72,553.10
2020/2/13,83.18,84.28,82.79,84.27,95.27,650.50
2020/2/12,83.69,83.98,83.01,83.29,139.53,957.60
2020/2/11,84.39,84.74,82.69,83.62,170.39,1176.50
2020/2/10,85.00,85.16,84.23,84.40,100.28,689.60
2020/2/7,85.36,85.36,84.50,84.91,148.20,1017.60
2020/2/6,86.00,86.02,84.97,85.40,134.07,923.90
2020/2/5,85.10,85.57,84.28,85.50,240.08,1654.60
2020/2/4,86.42,86.95,84.68,84.89,174.38,1187.40
2020/2/3,87.72,87.75,86.01,86.34,79.46,536.80
2020/1/23,88.58,88.80,87.93,88.05,104.07,709.50
2020/1/22,88.30,89.10,88.22,88.89,124.16,846.30
2020/1/21,87.88,88.98,87.68,88.71,156.83,1057.00
2020/1/20,87.81,88.25,87.70,87.90,245.24,1679.70
2020/1/17,88.48,88.49,87.80,88.03,152.78,1063.30
2020/1/16,87.97,88.34,87.53,88.00,89.03,623.60
2020/1/15,88.39,88.55,87.85,88.22,128.17,894.50
2020/1/14,88.50,88.59,87.90,88.21,245.98,1735.40
2020/1/13,90.49,90.55,89.17,89.17,160.51,1165.40
2020/1/10,90.00,90.10,89.28,89.77,135.69,979.10
2020/1/9,90.04,90.40,89.67,90.00,166.07,1203.60
2020/1/8,90.30,91.26,89.66,90.06,210.10,1517.00
2020/1/7,90.35,90.64,89.91,90.29,116.24,848.90
2020/1/6,88.12,90.06,88.01,90.04,92.06,668.20
2020/1/3,87.80,88.71,87.80,88.12,167.70,1220.70
2020/1/2,88.00,88.37,87.67,87.95,246.54,1808.60
2019/12/31,88.67,89.04,87.96,88.20,168.27,1265.70
2019/12/30,88.39,88.87,87.87,88.64,212.45,1595.50
2019/12/27,88.00,88.47,87.10,88.00,121.09,896.70
2019/12/26,89.85,90.04,88.95,89.80,153.24,1130.00
2019/12/25,90.20,90.63,89.21,89.50,110.84,829.40
2019/12/24,90.79,90.79,89.58,90.29,121.14,904.60
2019/12/23,89.47,90.45,88.93,90.07,162.06,1204.00
2019/12/20,92.30,92.45,89.68,89.75,188.08,1428.00
2019/12/19,91.20,92.17,90.60,91.72,132.83,1024.50
2019/12/18,90.70,91.82,90.48,90.58,162.74,1263.00
2019/12/17,90.80,90.80,89.94,90.20,236.35,1831.00
2019/12/16,90.80,91.45,90.18,90.45,246.50,1909.00
2019/12/13,88.89,90.27,88.50,89.90,175.28,1340.00
2019/12/12,88.19,88.65,87.51,88.50,187.41,1429.00
2019/12/11,87.44,88.60,87.33,88.18,116.25,882.00
2019/12/10,87.14,88.72,87.10,88.00,169.19,1285.00
2019/12/9,87.94,88.19,87.01,87.04,184.96,1413.30
2019/12/6,88.53,88.68,87.88,88.30,180.25,1387.00
2019/12/5,89.20,89.77,88.33,88.35,406.88,3178.00
2019/12/4,88.39,89.17,88.15,88.78,402.77,3156.00
2019/12/3,89.00,89.41,88.40,88.95,379.95,3008.00
2019/12/2,89.44,89.44,88.15,88.91,487.60,3816.00
2019/11/29,89.89,90.29,89.45,89.85,405.15,3215.00
2019/11/28,90.50,90.62,89.01,89.60,562.52,4449.00
2019/11/27,89.82,90.48,89.58,90.00,294.16,2309.00
2019/11/26,90.90,90.92,89.22,89.52,421.40,3303.00
2019/11/25,92.30,92.33,91.12,91.35,408.52,3279.00
2019/11/22,90.09,92.50,89.75,92.34,498.00,3983.10
2019/11/21,89.80,90.08,88.75,89.56,523.78,4180.10
2019/11/20,90.49,90.55,88.90,89.44,416.65,3282.30
2019/11/19,91.37,91.53,89.98,90.40,499.44,3946.20
2019/11/18,89.95,90.70,89.28,90.70,476.66,3720.90
2019/11/15,88.80,90.31,88.31,89.23,611.69,4792.60
2019/11/14,87.83,88.40,87.22,88.30,333.04,2564.20
2019/11/13,88.60,88.90,87.79,88.25,273.11,2091.50
2019/11/12,87.00,88.88,86.88,88.50,351.42,2679.30
2019/11/11,87.70,88.15,86.41,87.32,283.01,2153.50
2019/11/8,87.15,87.48,86.17,86.70,239.49,1834.00
2019/11/7,87.61,87.92,86.85,86.90,272.16,2079.40
2019/11/6,88.05,88.80,87.57,87.68,418.34,3194.30
2019/11/5,88.30,88.60,87.15,87.50,365.10,2746.50
2019/11/4,87.95,90.26,87.82,89.89,417.03,3228.50
2019/11/1,87.86,88.08,87.40,87.98,417.44,3250.40
2019/10/31,87.65,88.17,87.35,87.73,1004.59,7923.40
2019/10/30,88.30,88.33,87.62,87.94,388.72,2962.80
2019/10/29,88.30,88.46,87.25,88.45,447.43,3377.10
2019/10/28,87.00,88.30,86.35,87.46,240.36,1784.10
2019/10/25,83.80,86.34,83.53,86.31,263.44,1937.50
2019/10/24,86.38,86.57,85.01,85.04,297.59,2226.90
2019/10/23,85.95,86.25,84.77,85.01,437.36,3255.90
2019/10/22,84.46,86.77,84.46,86.50,259.78,1894.00
2019/10/21,85.10,85.28,84.02,84.35,360.15,2646.00
2019/10/18,83.99,84.55,83.40,84.51,217.91,1621.30
2019/10/17,84.81,84.95,83.35,83.47,289.11,2154.60
2019/10/16,83.10,84.88,82.15,84.51,636.68,4747.00
2019/10/15,85.06,85.86,84.58,84.61,498.59,3930.80
2019/10/14,86.10,86.49,85.50,86.03,624.27,5026.20
2019/10/11,87.50,88.34,87.01,87.51,342.42,2829.80
2019/10/10,89.41,89.50,87.88,88.09,549.58,4590.70
2019/10/9,90.35,90.90,89.68,89.98,593.07,5024.70
2019/10/8,89.84,90.08,89.05,89.45,480.28,4036.50
2019/9/30,88.82,90.17,88.82,90.10,617.17,5248.20
2019/9/27,89.10,89.55,88.54,89.41,971.33,8377.70
2019/9/26,87.97,89.46,87.80,88.85,1712.03,14792.40
2019/9/25,87.91,88.20,87.10,87.50,612.41,5047.00
2019/9/24,88.32,88.98,87.68,87.68,1045.17,8723.60
2019/9/23,87.31,88.70,87.31,88.35,1261.51,11058.50
2019/9/20,86.60,87.39,86.33,86.73,1267.19,10911.00
2019/9/19,86.95,87.58,86.40,86.99,1004.04,8652.00
2019/9/18,87.97,88.18,86.90,86.95,1488.13,12947.30
2019/9/17,88.10,88.77,86.62,88.08,1707.34,14689.40
2019/9/16,88.15,89.47,88.15,88.75,1518.19,12709.40
2019/9/12,88.49,89.30,87.69,87.98,494.56,3954.40
2019/9/11,88.19,88.21,87.52,87.88,532.71,4226.10
2019/9/10,88.68,88.85,86.99,87.53,696.70,5575.10
2019/9/9,89.99,89.99,87.78,88.59,321.59,2517.10
2019/9/6,90.00,91.14,89.83,90.85,234.45,1908.90
2019/9/5,90.70,91.14,89.35,89.90,380.95,3107.50
2019/9/4,91.16,91.60,89.80,90.66,391.17,3190.90
2019/9/3,91.69,91.69,90.88,91.06,435.93,3564.10
2019/9/2,90.60,92.47,90.60,91.84,674.16,5472.10
2019/8/30,87.96,89.32,87.63,88.61,246.83,1938.40
2019/8/29,87.00,88.47,86.99,88.05,269.63,2139.60
2019/8/28,86.75,87.30,86.40,86.40,227.66,1794.70
2019/8/27,88.10,88.18,85.32,86.63,367.02,2893.10
2019/8/26,87.90,88.54,87.22,88.21,252.73,2031.50
2019/8/23,87.95,88.56,87.23,87.97,395.67,3182.00
2019/8/22,83.92,88.50,83.92,88.50,387.06,3067.60
2019/8/21,84.01,84.57,83.50,83.54,338.55,2663.30
2019/8/20,80.12,81.18,79.85,80.97,172.91,1340.60
2019/8/19,79.80,80.67,79.50,79.92,301.59,2335.00
2019/8/16,80.51,81.05,79.67,79.75,323.63,2532.30
2019/8/15,80.80,81.00,79.80,80.49,270.93,2142.20
2019/8/14,81.10,81.42,80.33,80.52,381.01,3017.70
2019/8/13,79.26,81.91,79.13,81.70,409.12,3188.90
2019/8/12,77.79,79.38,77.49,79.10,233.36,1768.70
2019/8/9,77.75,77.90,76.88,77.11,312.34,2361.90
2019/8/8,78.75,78.90,77.46,77.50,457.20,3541.30
2019/8/7,79.18,79.48,77.86,77.97,387.86,3030.50
2019/8/6,79.77,80.20,78.69,79.25,396.46,3201.70
2019/8/5,79.15,80.57,79.00,79.00,223.06,1843.50
2019/8/2,79.40,79.75,78.59,79.09,272.80,2249.00
2019/8/1,77.50,80.98,77.18,79.78,259.45,2148.10
2019/7/31,77.44,78.77,77.21,78.19,329.74,2754.60
2019/7/30,76.25,77.66,75.35,77.18,355.17,2925.10
2019/7/29,75.90,77.27,75.80,76.50,308.43,2530.00
2019/7/26,76.50,76.83,75.05,75.44,222.64,1869.70
2019/7/25,78.22,78.50,77.20,77.64,324.34,2747.20
2019/7/24,78.05,79.25,77.68,78.20,372.68,3183.60
2019/7/23,78.50,79.28,77.19,77.87,383.16,3175.40
2019/7/22,81.06,81.20,78.98,79.10,623.44,5396.90
2019/7/19,80.82,81.53,80.00,80.97,552.57,4923.70
2019/7/18,78.95,81.37,78.90,80.54,694.56,6189.70
2019/7/17,77.96,79.40,77.85,78.30,449.32,3932.80
2019/7/16,79.25,80.18,78.50,78.65,588.42,5149.10
2019/7/15,77.95,81.87,77.30,81.38,659.18,5702.90
2019/7/12,78.26,78.26,76.11,76.66,541.76,4689.30
2019/7/11,78.73,80.55,78.38,78.78,676.11,5931.20
2019/7/10,81.78,82.28,79.89,81.17,1094.82,9843.20
2019/7/9,82.80,83.60,79.66,81.20,1671.88,15208.10
2019/7/8,86.50,87.48,84.53,86.10,1379.60,12445.50
2019/7/5,83.88,87.13,83.30,86.43,728.99,6247.50
2019/7/4,83.00,84.43,82.80,83.11,871.10,7804.60
2019/7/3,84.35,84.99,83.15,83.40,1172.24,11403.10
2019/7/2,86.08,86.88,83.55,85.03,1090.16,10752.70
2019/7/1,84.75,87.38,84.50,86.06,702.72,6834.30
2019/6/28,87.22,88.09,84.50,84.96,1205.40,11915.90
2019/6/27,85.27,87.00,84.20,87.00,582.23,5512.30
2019/6/26,84.69,85.02,83.88,84.30,704.67,6765.10
2019/6/25,84.92,85.35,83.80,84.48,819.10,7942.90
2019/6/24,81.22,85.13,80.90,85.01,655.48,6168.90
2019/6/21,82.23,83.88,81.60,81.66,794.06,7680.10
2019/6/20,80.35,81.16,79.90,80.44,564.23,5484.70
2019/6/19,82.65,83.62,80.16,80.71,962.31,9494.00
2019/6/18,80.80,82.11,79.66,82.03,1418.86,14142.50
2019/6/17,80.40,82.00,80.37,81.10,1777.82,17989.50
2019/6/14,80.70,82.25,80.02,80.59,3178.47,34391.10
2019/6/13,80.08,80.96,79.25,80.20,2472.72,24527.60
2019/6/12,78.48,80.15,78.37,79.86,910.08,8487.20
2019/6/11,78.54,79.00,78.05,78.96,1566.95,14744.70
2019/6/10,78.00,79.23,77.50,78.60,1754.89,16125.60
2019/6/6,74.10,77.10,74.10,77.10,1181.27,10257.20
2019/6/5,73.40,73.94,72.88,73.40,1156.68,10066.80
2019/6/4,73.20,74.63,72.70,74.22,1935.99,17104.40
2019/6/3,72.99,73.23,72.15,72.69,829.20,7001.40
2019/5/31,73.41,73.99,72.18,72.29,1216.25,10456.30
2019/5/30,75.76,76.26,74.06,74.72,894.65,7639.80
2019/5/29,77.00,77.25,75.60,75.80,828.27,7012.80
2019/5/28,75.06,77.48,74.75,76.55,777.38,6490.10
2019/5/27,75.73,76.85,74.96,75.35,725.09,6145.80
2019/5/24,74.43,75.34,73.45,75.00,1217.59,10223.70
2019/5/23,73.10,75.50,73.08,73.85,1535.63,12868.20
2019/5/22,71.77,73.20,71.70,72.80,677.61,5450.90
2019/5/21,71.38,72.10,70.27,71.54,1119.86,9379.90
2019/5/20,69.60,70.92,68.96,69.25,1120.10,9289.10
2019/5/17,68.80,69.69,68.22,68.79,948.46,7574.70
2019/5/16,68.66,70.20,68.25,68.70,836.13,6599.80
2019/5/15,72.15,72.15,70.00,70.29,924.97,7471.50
2019/5/14,72.39,72.48,71.11,72.16,852.62,6780.60
2019/5/13,72.48,72.74,71.57,72.07,621.89,4882.10
2019/5/10,73.00,75.10,72.21,72.58,803.62,6303.00
2019/5/9,70.69,72.60,70.25,72.39,470.42,3618.30
2019/5/8,69.98,70.95,69.41,70.01,562.01,4346.60
2019/5/7,70.30,71.43,68.99,69.98,666.35,5156.90
2019/5/6,71.71,72.60,69.92,70.01,1099.83,8587.40
2019/4/30,68.22,73.00,68.14,73.00,827.39,6174.50
2019/4/29,65.36,67.07,64.80,67.02,387.58,2785.70
2019/4/26,65.80,66.68,65.09,65.39,429.40,3096.10
2019/4/25,66.30,66.38,65.19,65.88,329.28,2368.90
2019/4/24,65.58,67.27,65.28,65.68,416.40,3014.70
2019/4/23,63.90,65.42,63.78,65.29,466.62,3366.70
2019/4/22,64.80,65.01,63.22,63.25,238.78,1702.80
2019/4/19,64.88,65.40,64.78,65.10,324.99,2321.90
2019/4/18,64.66,65.40,64.03,65.02,535.84,3836.10
2019/4/17,64.40,64.42,63.69,64.27,528.19,3769.40
2019/4/16,62.88,64.51,62.88,64.39,395.49,2757.20
2019/4/15,63.50,63.78,62.85,63.21,341.17,2330.20
2019/4/12,61.80,63.19,61.55,62.98,222.31,1489.50
2019/4/11,60.88,61.86,60.78,61.25,198.80,1347.00
2019/4/10,61.38,61.90,60.98,61.65,268.15,1823.50
2019/4/9,61.80,62.41,61.20,61.52,327.30,2262.10
2019/4/8,60.50,61.78,60.43,61.29,311.04,2147.10
2019/4/4,59.61,60.52,59.22,60.43,202.41,1385.50
2019/4/3,59.82,60.40,59.45,59.49,170.31,1157.10
2019/4/2,60.60,60.64,59.74,60.07,234.62,1606.30
2019/4/1,59.93,61.11,59.85,60.79,215.98,1479.50
2019/3/29,59.23,60.02,58.69,59.92,362.61,2473.00
2019/3/28,59.05,59.80,58.56,58.73,462.39,3214.20
2019/3/27,58.42,58.96,58.01,58.74,179.72,1225.40
2019/3/26,57.26,58.69,57.06,58.59,186.18,1262.90
2019/3/25,57.74,57.95,56.90,57.12,172.05,1157.80
2019/3/22,58.00,58.29,57.50,58.07,134.97,905.80
2019/3/21,56.87,57.82,56.55,57.50,144.90,974.80
2019/3/20,56.20,57.60,55.96,56.95,202.35,1365.50
2019/3/19,56.05,56.09,55.20,55.80,148.31,993.70
2019/3/18,57.09,57.17,55.90,56.30,230.96,1544.70
2019/3/15,55.28,57.00,55.23,56.59,193.34,1264.70
2019/3/14,55.15,56.33,55.06,55.68,140.70,916.50
2019/3/13,56.04,56.18,54.94,55.18,123.16,800.60
2019/3/12,57.00,57.23,56.10,56.10,93.85,611.80
2019/3/11,58.28,58.38,56.90,56.90,124.65,822.60
2019/3/8,58.17,58.25,57.20,57.30,88.03,577.50
2019/3/7,57.54,58.78,56.88,58.21,189.16,1238.40
2019/3/6,58.00,58.30,57.75,58.25,162.22,1082.60
2019/3/5,58.75,58.85,57.45,58.34,148.78,989.30
2019/3/4,59.95,60.18,58.58,59.00,164.21,1090.60
2019/3/1,61.00,61.26,59.88,60.12,141.92,945.70
2019/2/28,60.90,61.68,60.47,60.85,276.28,1844.60
2019/2/27,61.87,62.26,61.03,61.27,181.88,1219.20
2019/2/26,62.90,62.94,61.73,61.94,160.22,1092.70
2019/2/25,62.70,63.50,62.40,63.20,204.18,1408.10
2019/2/22,62.80,62.83,62.04,62.46,139.67,955.90
2019/2/21,62.18,62.57,61.82,62.17,158.42,1080.70
2019/2/20,62.50,62.68,61.82,62.18,200.45,1371.60
2019/2/19,63.32,63.53,62.98,63.00,168.99,1167.00
2019/2/18,63.66,63.88,62.89,63.00,209.66,1451.90
2019/2/15,64.05,64.60,63.98,64.25,329.13,2321.60
2019/2/14,64.95,65.08,64.16,64.89,443.38,3188.90
2019/2/13,65.20,66.05,64.77,64.99,348.45,2456.50
2019/2/12,63.06,63.65,62.90,63.49,186.33,1270.30
2019/2/11,64.30,64.38,63.00,63.05,245.20,1698.30
2019/2/1,63.12,63.96,63.01,63.77,304.71,2111.70
2019/1/31,63.31,63.88,62.91,63.11,197.51,1348.00
2019/1/30,63.00,63.87,62.80,63.20,235.99,1601.20
2019/1/29,63.15,63.59,62.52,62.64,451.03,3064.70
2019/1/28,64.18,64.20,62.82,63.14,182.21,1303.00
2019/1/25,63.53,64.14,63.53,64.01,257.15,1836.70
2019/1/24,65.00,65.44,63.91,64.10,388.92,2795.40
2019/1/23,65.25,66.20,64.80,65.72,365.02,2678.00
2019/1/22,65.00,66.39,64.69,65.25,477.92,3470.30
2019/1/21,64.00,65.14,63.77,65.10,490.70,3548.90
2019/1/18,65.05,65.09,63.60,63.95,340.92,2412.20
2019/1/17,63.78,65.57,63.50,65.01,384.12,2678.30
2019/1/16,64.40,65.14,63.75,64.66,321.82,2215.60
2019/1/15,65.75,65.98,64.38,64.62,161.53,1089.50
2019/1/14,66.93,67.17,66.00,66.30,223.62,1526.40
2019/1/11,66.89,67.34,65.90,66.12,297.31,2037.40
2019/1/10,66.20,66.80,65.80,66.80,349.23,2373.30
2019/1/9,66.50,67.05,65.70,66.58,452.57,3058.60
2019/1/8,66.92,67.35,65.55,67.35,329.33,2190.30
2019/1/7,64.22,65.50,64.08,64.30,346.70,2287.90
2019/1/4,63.01,63.95,62.16,63.63,301.97,1971.40
2019/1/3,60.00,64.63,59.50,62.80,299.74,1926.00
2019/1/2,65.87,65.99,61.90,62.00,194.42,1235.80
2018/12/28,66.30,66.77,64.38,65.54,287.83,1834.40
2018/12/27,64.20,66.66,64.20,66.66,314.96,1941.30
2018/12/26,65.78,67.85,65.56,66.25,203.54,1293.60
2018/12/25,68.00,68.32,64.88,65.51,228.20,1457.00
2018/12/24,66.01,69.42,65.62,67.93,367.97,2361.60
2018/12/21,61.99,66.10,61.88,65.62,211.69,1293.90
2018/12/20,63.49,63.52,62.25,62.45,225.89,1394.20
2018/12/19,65.17,65.32,62.41,64.16,228.30,1433.20
2018/12/18,63.35,65.18,63.33,64.00,359.64,2305.60
2018/12/17,63.90,64.44,63.09,63.20,307.26,2058.80
2018/12/14,62.50,64.25,62.30,63.87,439.12,2948.30
2018/12/13,62.10,63.20,61.38,61.85,578.68,4035.00
2018/12/12,65.09,65.58,64.20,64.65,858.00,6410.90
2018/12/11,64.63,65.38,64.33,65.00,704.87,5092.60
2018/12/10,66.80,66.84,64.71,64.78,448.94,3179.70
2018/12/7,67.50,69.10,67.44,68.50,518.46,3784.80
2018/12/6,67.73,67.75,66.86,67.20,250.93,1778.40
2018/12/5,67.23,69.00,66.83,67.96,193.04,1383.50
2018/12/4,66.90,67.73,66.48,67.19,224.29,1601.90
2018/12/3,65.28,67.50,64.97,67.49,299.48,2127.70
2018/11/30,65.20,65.56,64.61,64.80,199.65,1412.40
2018/11/29,64.09,65.80,63.81,65.15,263.04,1856.80
2018/11/28,62.15,64.30,62.10,64.12,253.60,1748.40
2018/11/27,62.30,63.18,62.25,62.51,231.36,1592.00
2018/11/26,62.57,63.76,62.42,63.30,168.41,1191.50
2018/11/23,61.78,62.40,61.01,62.40,190.08,1344.70
2018/11/22,61.31,61.46,60.28,60.60,143.55,1009.50
2018/11/21,62.00,62.58,61.25,61.68,205.38,1444.10
2018/11/20,62.60,62.87,61.60,62.03,205.43,1466.90
2018/11/19,61.88,63.50,61.60,62.78,209.16,1518.90
2018/11/16,62.10,62.52,61.01,61.32,243.28,1774.60
2018/11/15,64.41,64.64,62.80,62.80,295.54,2194.30
2018/11/14,62.85,64.93,62.54,64.80,325.70,2429.00
2018/11/13,62.60,63.00,62.11,62.73,263.10,1926.70
2018/11/12,62.40,63.43,62.20,62.98,421.60,3147.10
2018/11/9,63.50,64.05,63.02,63.16,191.02,1458.00
2018/11/8,62.68,63.30,62.65,63.01,249.54,1922.30
2018/11/7,63.80,63.84,62.60,62.90,240.66,1874.10
2018/11/6,63.08,63.68,62.72,63.47,347.89,2671.00
2018/11/5,61.70,63.33,61.50,62.47,419.82,3201.00
2018/11/2,61.01,62.38,61.01,62.13,240.53,1871.50
2018/11/1,61.28,61.50,60.37,60.93,220.31,1717.50
2018/10/31,57.86,59.65,57.86,59.42,192.59,1522.40
2018/10/30,56.94,57.82,56.76,57.81,238.24,1866.40
2018/10/29,57.70,57.82,56.46,56.58,228.05,1818.80
2018/10/26,56.38,57.95,55.88,56.98,245.43,1951.50
2018/10/25,59.03,59.05,56.67,57.03,334.23,2706.80
2018/10/24,59.56,59.72,58.58,59.05,251.77,2083.40
2018/10/23,59.80,59.85,58.66,59.55,433.71,3544.10
2018/10/22,60.56,60.96,59.83,60.44,488.56,4117.20
2018/10/19,58.38,60.99,58.18,60.62,714.09,6060.40
2018/10/18,59.55,59.70,58.19,58.38,638.81,5383.90
2018/10/17,58.11,59.60,57.96,59.56,507.38,4190.40
2018/10/16,57.81,58.86,57.36,57.83,242.28,1939.50
2018/10/15,58.43,58.76,57.78,57.82,238.30,1909.40
2018/10/12,59.41,59.49,57.80,58.26,366.62,2920.80
2018/10/11,61.80,62.41,59.62,59.70,318.25,2666.20
2018/10/10,61.60,61.89,60.82,61.60,351.34,2946.60
2018/10/9,60.90,61.92,60.75,61.56,422.83,3601.50
2018/10/8,60.98,61.33,60.57,60.87,340.52,2883.30
2018/9/28,62.28,62.48,60.68,60.80,293.03,2496.00
2018/9/27,62.23,62.24,61.40,62.16,260.29,2227.30
2018/9/26,61.06,63.00,61.03,61.74,424.18,3624.70
2018/9/25,60.35,61.60,60.25,61.08,297.28,2473.80
2018/9/21,58.60,61.61,58.23,60.84,245.18,2014.60
2018/9/20,58.36,59.30,58.35,58.71,325.61,2679.20
2018/9/19,58.28,59.11,57.75,57.81,546.58,4679.40
2018/9/18,57.90,58.26,57.42,58.02,245.45,2043.50
2018/9/17,58.30,58.78,57.38,57.72,203.96,1680.20
2018/9/14,58.77,58.92,58.28,58.54,229.25,1892.70
2018/9/13,57.24,58.89,57.24,58.38,313.61,2578.00
2018/9/12,56.75,57.51,56.56,57.09,245.21,1962.80
2018/9/11,59.00,59.05,57.55,58.18,240.43,1983.40
2018/9/10,57.60,58.91,57.20,58.88,220.81,1797.80
2018/9/7,55.98,57.65,55.54,56.94,234.69,1874.60
2018/9/6,55.70,56.27,55.18,55.53,251.16,2042.70
2018/9/5,56.23,56.88,55.37,55.52,352.82,2930.10
2018/9/4,55.60,56.56,54.33,56.34,301.29,2515.60
2018/9/3,58.28,58.28,54.65,55.22,367.13,3074.20
2018/8/31,57.12,58.63,57.10,58.58,347.84,2957.60
2018/8/30,57.11,57.95,56.53,56.83,251.87,2109.20
2018/8/29,59.10,59.45,57.44,57.50,301.41,2509.80
2018/8/28,59.10,59.61,57.80,59.24,304.60,2475.70
2018/8/27,61.28,61.35,59.60,59.79,332.32,2660.10
2018/8/24,60.60,61.50,60.60,61.07,243.44,1885.50
2018/8/23,61.86,62.56,61.00,61.09,413.00,3256.90
2018/8/22,61.90,62.54,60.78,61.85,201.84,1624.20
2018/8/21,63.80,64.20,61.80,62.09,424.69,3500.70
2018/8/20,64.10,65.16,64.02,64.63,178.91,1588.40
2018/8/17,63.58,65.35,63.45,64.44,187.61,1692.40
2018/8/16,63.80,63.91,63.35,63.75,234.39,2137.00
2018/8/15,63.20,64.25,62.82,63.90,192.06,1777.00
2018/8/14,62.25,63.20,61.85,63.03,190.63,1759.20
2018/8/13,62.97,63.24,61.95,62.39,332.70,3089.50
2018/8/10,63.27,64.54,63.02,63.24,321.49,3068.80
2018/8/9,64.43,64.45,63.71,63.81,447.12,4269.50
2018/8/8,63.59,65.00,63.21,64.58,348.15,3301.20
2018/8/7,62.10,63.71,61.90,63.53,401.30,3786.30
2018/8/6,61.91,62.19,61.28,61.64,270.38,2499.00
2018/8/3,61.11,62.18,60.71,62.13,290.72,2711.50
2018/8/2,61.31,61.70,60.58,60.65,350.63,3291.20
2018/8/1,62.32,62.66,61.30,62.38,275.32,2656.90
2018/7/31,61.80,62.88,61.55,62.50,369.40,3601.80
2018/7/30,61.38,62.18,61.34,61.53,373.28,3689.40
2018/7/27,61.96,62.27,61.16,61.22,326.33,3252.40
2018/7/26,62.95,62.95,61.67,61.76,538.94,5424.60
2018/7/25,63.58,63.84,62.50,63.01,747.76,7680.60
2018/7/24,63.55,64.15,63.27,63.66,1065.47,11010.30
2018/7/23,61.88,63.12,61.59,63.04,689.17,6975.60
2018/7/20,63.09,63.19,61.94,62.00,905.47,9096.30
2018/7/19,63.68,63.92,62.63,62.81,325.54,3187.20
2018/7/18,64.50,64.59,63.40,63.97,476.54,4639.70
2018/7/17,63.70,64.58,63.50,64.10,295.53,2852.60
2018/7/16,63.58,63.66,62.81,63.10,238.85,2292.90
2018/7/13,63.30,63.75,62.61,63.18,323.88,3131.80
2018/7/12,63.10,63.40,62.52,62.95,404.62,3920.00
2018/7/11,61.36,63.88,61.24,63.08,396.02,3803.10
2018/7/10,60.55,61.47,59.71,61.19,470.76,4486.20
2018/7/9,61.33,61.64,60.64,60.71,305.49,2859.00
2018/7/6,60.88,61.58,59.90,61.44,412.48,3820.00
2018/7/5,61.36,61.79,60.75,61.34,320.12,3003.40
2018/7/4,63.55,63.73,58.34,60.89,236.08,2208.50
2018/7/3,65.68,65.89,62.81,63.12,383.84,3588.60
2018/7/2,66.04,66.46,65.31,65.50,383.96,3631.00
2018/6/29,65.40,67.06,65.28,66.56,380.70,3637.20
2018/6/28,64.15,65.16,63.78,64.99,626.38,5983.10
2018/6/27,64.20,64.87,63.51,64.15,793.67,7945.40
2018/6/26,63.90,64.95,63.66,64.48,451.00,4683.80
2018/6/25,63.78,63.95,62.60,63.51,417.95,4282.50
2018/6/22,64.44,64.86,62.83,63.13,411.45,4176.80
2018/6/21,66.01,66.66,63.88,64.30,306.39,3187.20
2018/6/20,67.43,67.45,66.05,66.18,237.56,2469.00
2018/6/19,67.91,67.97,66.69,66.72,337.37,3510.10
2018/6/15,68.30,68.57,67.48,67.67,401.44,4251.20
2018/6/14,65.69,68.40,65.39,68.25,374.60,3927.10
2018/6/13,64.99,65.99,64.05,65.96,324.00,3377.00
2018/6/12,64.90,65.58,63.98,64.55,356.32,3707.00
2018/6/11,63.95,64.95,63.84,64.51,391.90,4026.20
2018/6/8,64.25,66.25,64.22,64.66,332.91,3521.80
2018/6/7,66.01,66.27,64.80,65.31,309.41,3279.20
2018/6/6,65.42,67.28,63.51,66.39,321.19,3379.30
2018/6/5,67.00,67.68,64.88,65.40,359.72,3763.40
2018/6/4,69.58,69.66,67.50,68.16,440.92,4642.40
2018/6/1,69.20,69.97,66.98,68.28,448.55,4571.40
2018/5/31,70.00,70.77,69.42,70.30,737.35,7555.50
2018/5/30,73.51,74.17,71.68,72.88,483.64,5218.00
2018/5/29,76.70,76.71,73.03,73.82,586.91,6387.40
2018/5/28,73.10,74.19,72.70,74.09,627.87,6760.60
2018/5/25,70.89,73.88,70.48,73.81,539.57,5977.10
2018/5/24,70.70,71.95,70.45,70.51,866.08,9810.60
2018/5/23,68.41,70.70,68.40,70.49,497.14,5805.00
2018/5/22,68.85,69.20,68.26,68.82,749.20,8768.70
2018/5/21,71.20,71.35,69.18,69.42,1045.80,12198.90
2018/5/18,71.60,71.86,70.60,71.12,647.82,7438.30
2018/5/17,71.00,71.46,70.31,70.89,368.97,4139.40
2018/5/16,69.06,70.84,68.76,70.54,367.07,4123.10
2018/5/15,68.98,70.18,68.18,68.78,475.11,5333.00
2018/5/14,68.40,69.39,67.40,69.32,810.08,9046.50
2018/5/11,67.66,68.59,67.00,67.88,536.42,5831.60
2018/5/10,68.00,68.66,67.45,67.68,493.58,5457.30
2018/5/9,67.18,69.38,66.88,68.93,534.59,5964.60
2018/5/8,69.20,69.24,67.70,67.76,565.11,6222.40
2018/5/7,71.02,71.19,69.47,69.81,661.46,7295.40
2018/5/4,70.99,71.58,69.60,70.80,824.77,8927.50
2018/5/3,70.25,71.46,69.83,70.64,760.41,8128.50
2018/5/2,70.23,70.42,69.23,69.77,337.31,3470.50
2018/4/27,67.50,69.19,67.20,68.89,182.98,1849.90
2018/4/26,66.20,68.35,66.06,67.02,275.63,2818.20
2018/4/25,64.66,65.65,64.00,64.96,288.50,2925.00
2018/4/24,66.50,66.97,62.20,64.43,534.19,5357.60
2018/4/23,70.61,71.50,68.37,68.99,459.71,4804.10
2018/4/20,74.60,74.65,70.50,71.38,403.20,4108.80
2018/4/19,73.85,74.70,72.50,73.77,469.54,4817.40
2018/4/18,74.40,75.95,74.30,75.71,452.42,4703.60
2018/4/17,74.87,76.38,74.13,76.01,419.77,4332.70
2018/4/16,75.00,75.60,74.05,75.48,684.63,7392.20
2018/4/13,72.65,75.15,72.52,75.08,475.53,5319.10
2018/4/12,72.90,74.36,72.80,73.38,378.17,4198.70
2018/4/11,76.66,76.70,72.89,73.36,531.16,5949.90
2018/4/10,75.30,76.85,75.21,76.10,447.20,5122.40
2018/4/9,75.93,75.99,74.80,75.29,657.79,7580.60
2018/4/4,79.00,79.44,76.38,76.44,361.64,4105.20
2018/4/3,80.30,81.28,78.29,78.76,408.84,4675.30
2018/4/2,77.11,79.20,77.05,78.74,468.13,5326.50
2018/3/30,78.30,79.06,76.89,77.59,481.77,5548.60
2018/3/29,78.56,80.11,77.08,77.61,597.30,6913.30
2018/3/28,78.10,79.35,76.50,77.34,472.47,5414.50
2018/3/27,77.68,79.48,77.20,77.81,489.07,5604.30
2018/3/26,75.35,78.50,75.35,77.65,516.09,5946.70
2018/3/23,72.66,74.50,72.33,74.41,420.27,4887.00
2018/3/22,71.05,73.12,71.00,72.65,644.53,7654.70
2018/3/21,71.60,71.87,70.71,71.72,675.65,7906.60
2018/3/20,70.30,72.08,70.03,71.87,923.42,11079.60
2018/3/19,70.79,70.79,69.32,70.01,1429.81,17503.60
2018/3/16,71.59,71.88,70.45,70.89,490.38,5724.30
2018/3/15,71.02,72.20,70.55,71.18,971.20,11233.80
2018/3/14,73.40,73.90,70.11,70.97,961.05,10964.30
2018/3/13,70.21,72.80,70.18,72.59,700.37,7748.10
2018/3/12,71.09,71.53,69.50,69.98,339.23,3681.30
2018/3/9,70.30,71.42,69.67,70.59,300.39,3248.90
2018/3/8,73.45,73.45,70.02,70.35,200.93,2166.00
2018/3/7,74.11,74.56,72.88,73.94,223.69,2394.40
2018/3/6,74.06,76.17,73.37,74.16,329.78,3544.70
2018/3/5,74.80,75.20,73.63,74.02,294.59,3206.70
2018/3/2,73.64,75.58,73.21,74.91,433.47,4734.00
2018/3/1,73.49,74.59,73.08,73.94,578.20,6440.20
2018/2/28,70.91,73.63,70.71,73.58,337.72,3686.90
2018/2/27,70.21,71.93,70.21,70.67,439.57,4784.60
2018/2/26,70.69,71.44,70.05,70.38,370.08,4018.10
2018/2/23,72.12,72.16,70.60,71.01,344.23,3781.80
2018/2/22,71.21,72.62,70.20,72.12,427.69,4671.20
2018/2/14,73.25,73.56,71.17,71.21,407.28,4519.80
2018/2/13,71.20,73.31,70.82,73.25,465.70,5205.00
2018/2/12,68.94,71.86,68.66,71.49,433.04,4853.80
2018/2/9,69.35,69.81,67.60,68.64,415.70,4673.70
2018/2/8,70.90,71.10,68.00,69.40,450.51,5084.50
2018/2/7,68.90,71.50,68.78,71.20,426.70,4822.70
2018/2/6,67.60,70.35,67.37,69.39,448.59,5164.00
2018/2/5,69.65,70.18,67.91,68.10,467.05,5406.80
2018/2/2,71.37,71.67,69.55,69.92,493.62,5706.00
2018/2/1,73.54,74.19,71.26,72.42,604.58,6915.60
2018/1/31,72.70,73.54,71.88,72.73,453.13,5098.30
2018/1/30,74.70,74.90,71.55,73.55,780.15,8829.80
2018/1/29,74.15,75.46,72.71,74.62,535.72,6326.70
2018/1/26,76.60,78.44,73.70,74.32,715.36,8749.30
2018/1/25,79.50,79.96,76.58,77.45,822.43,10320.50
2018/1/24,75.13,79.68,75.13,78.44,706.49,9020.30
2018/1/23,74.78,76.49,74.07,75.71,554.81,6956.60
2018/1/22,72.70,75.32,71.80,75.27,1094.81,14324.10
2018/1/19,68.80,73.11,68.75,73.01,1211.20,16099.00
2018/1/18,69.98,70.43,68.59,69.20,612.78,7957.50
2018/1/17,70.69,71.29,69.77,70.42,803.46,10546.00
2018/1/16,70.10,70.57,69.48,70.15,1288.75,17140.00
2018/1/15,66.00,69.95,65.93,69.89,1218.03,15865.00
2018/1/12,64.50,66.39,64.40,66.33,581.78,7457.00
2018/1/11,65.40,66.35,64.32,64.61,973.24,12364.00
2018/1/10,64.30,66.57,64.30,65.37,455.02,5630.00
2018/1/9,64.69,64.70,62.92,64.01,836.03,10208.20
2018/1/8,64.00,64.84,63.48,64.45,762.81,9458.30
2018/1/5,64.20,64.39,63.00,64.14,690.14,8810.40
2018/1/4,64.47,66.28,63.72,64.12,1070.74,13799.30
2018/1/3,63.50,64.50,63.31,64.36,853.64,10784.70
2018/1/2,64.00,65.30,63.13,64.06,1510.05,19360.70
2017/12/29,61.50,63.98,61.48,63.93,885.40,11385.20
2017/12/28,60.00,62.26,59.86,61.39,980.60,12732.20
2017/12/27,60.10,60.44,59.71,60.08,1067.06,13691.00
2017/12/26,59.77,61.06,59.63,60.20,553.90,6879.50
2017/12/25,59.73,60.18,59.20,59.88,556.04,7026.10
2017/12/22,59.00,59.45,58.64,59.02,502.03,6297.60
2017/12/21,59.06,59.95,58.80,59.59,788.54,9801.50
2017/12/20,58.06,59.03,57.87,58.98,1031.74,13168.90
2017/12/19,57.41,58.26,57.20,57.94,829.65,10498.70
2017/12/18,57.50,58.55,57.09,57.17,1182.85,15185.00
2017/12/15,56.91,57.43,56.73,57.08,1432.32,19158.50
2017/12/14,55.20,57.19,55.12,57.11,1347.98,17847.90
2017/12/13,54.90,55.72,54.55,55.31,2553.50,33684.30
2017/12/12,54.86,55.52,53.81,54.92,3650.13,48890.50
2017/12/11,56.10,56.50,54.71,54.76,1489.45,19187.40
2017/12/8,53.72,54.35,53.43,54.16,270.40,3212.30
2017/12/7,53.60,53.97,53.32,53.74,366.26,4323.10
2017/12/6,54.10,54.24,53.46,53.60,261.40,3057.00
2017/12/5,53.99,54.33,53.95,54.25,195.21,2256.60
2017/12/4,54.05,54.73,53.82,54.16,244.31,2829.80
2017/12/1,53.55,54.35,53.52,54.04,313.10,3627.70
2017/11/30,53.16,54.24,53.01,53.82,341.59,4035.30
2017/11/29,53.44,53.70,53.00,53.08,504.86,5943.10
2017/11/28,53.69,54.04,53.11,53.46,523.28,6299.60
2017/11/27,53.27,54.48,53.27,53.30,440.50,5328.30
2017/11/24,54.09,54.20,53.15,53.38,771.28,9440.40
2017/11/23,55.10,55.25,53.90,54.02,1233.51,15293.70
2017/11/22,54.80,55.36,54.33,55.07,492.94,5988.60
2017/11/21,54.48,54.87,53.61,54.81,919.58,11358.50
2017/11/20,55.21,55.98,53.92,53.99,611.66,7447.20
2017/11/17,54.90,55.52,54.83,55.02,444.77,5343.20
2017/11/16,55.60,55.82,54.83,54.91,551.21,6659.20
2017/11/15,56.05,56.38,55.09,55.40,483.00,5870.30
2017/11/14,55.40,56.60,55.11,56.29,596.08,7274.80
2017/11/13,55.51,55.56,54.81,55.15,956.60,11886.70
2017/11/10,56.05,57.04,55.60,56.17,931.20,11419.70
2017/11/9,56.33,56.66,55.55,56.03,738.36,8995.70
2017/11/8,57.00,57.63,56.26,56.41,1319.23,16021.00
2017/11/7,56.10,57.25,55.88,57.06,486.65,5764.00
2017/11/6,55.98,57.75,55.98,56.20,830.40,9929.60
2017/11/3,54.90,56.22,54.84,55.83,495.35,5773.80
2017/11/2,55.55,56.28,54.95,55.12,337.03,3904.90
2017/11/1,55.01,55.83,54.82,55.40,555.18,6398.10
2017/10/31,53.41,55.26,53.32,55.20,565.80,6693.10
2017/10/30,53.40,54.28,52.78,53.03,710.50,8508.00
2017/10/27,52.40,53.86,51.62,53.17,618.77,7275.40
2017/10/26,51.47,51.83,50.87,51.10,683.04,8014.00
2017/10/25,50.85,51.29,50.53,51.21,604.74,6950.70
2017/10/24,50.80,51.56,50.60,50.90,536.20,6192.20
2017/10/23,49.99,51.00,49.64,50.49,431.07,4936.40
2017/10/20,50.20,50.73,49.53,49.58,901.02,10402.50
2017/10/19,52.07,52.45,50.51,50.73,1182.90,14143.80
2017/10/18,52.35,52.84,52.00,52.06,795.08,9734.30
2017/10/17,52.30,52.56,51.91,52.45,1167.74,14449.50
2017/10/16,51.91,52.84,51.53,52.32,1505.03,18719.00
2017/10/13,52.99,53.19,51.85,51.94,2043.50,26777.70
2017/10/12,54.04,54.48,52.88,52.92,1137.48,14528.50
2017/10/11,54.81,54.82,53.88,54.04,1624.75,20782.80
2017/10/10,52.20,54.90,52.20,54.85,2473.35,32321.30
2017/10/9,51.88,52.64,51.41,52.02,2020.75,25738.80
2017/9/29,52.20,52.46,51.80,51.89,1352.56,16785.30
2017/9/28,51.85,52.74,51.09,52.36,1904.02,24040.30
2017/9/27,52.10,52.50,51.28,51.89,2153.57,26903.40
2017/9/26,52.62,53.05,52.18,52.31,1032.20,12440.10
2017/9/25,52.08,53.10,51.68,52.61,1367.40,17052.30
2017/9/22,53.20,53.28,51.90,51.96,938.48,11587.50
2017/9/21,53.55,54.15,52.82,54.01,1527.19,19127.00
2017/9/20,53.68,54.48,53.11,53.84,2149.58,26805.90
2017/9/19,53.60,54.26,52.51,53.47,1279.81,15222.80
2017/9/18,53.01,55.09,52.42,53.90,1663.31,19902.10
2017/9/15,51.69,52.79,51.30,52.77,1591.12,19494.20
2017/9/14,50.98,51.86,50.83,51.63,1015.32,12104.60
2017/9/13,51.36,52.50,50.42,50.61,1055.12,12287.10
2017/9/12,50.81,52.01,50.61,51.23,1312.42,15777.20
2017/9/11,51.02,51.96,50.69,51.13,2051.35,25016.80
2017/9/8,51.15,51.62,50.53,51.01,1052.92,12421.20
2017/9/7,50.42,52.00,50.07,51.39,1361.37,16185.30
2017/9/6,48.00,50.70,48.00,50.42,1599.09,18908.40
2017/9/5,48.80,48.84,47.91,47.92,2185.73,25851.60
2017/9/4,49.80,49.80,48.55,48.94,2075.10,23801.20
2017/9/1,49.80,50.20,49.28,49.61,724.80,7734.50
2017/8/31,48.80,50.05,48.38,49.96,277.14,2880.90
2017/8/30,49.70,49.74,48.55,48.61,398.42,4135.30
2017/8/29,49.70,49.95,48.93,49.92,682.80,7264.40
2017/8/28,49.99,50.77,49.35,49.72,464.92,4850.80
2017/8/25,49.24,49.90,48.79,49.72,609.50,6304.60
2017/8/24,49.20,50.47,49.05,49.14,940.46,10064.50
2017/8/23,48.30,49.56,47.56,49.43,1666.30,18112.00
2017/8/22,48.77,48.93,47.67,48.10,891.28,9337.50
2017/8/21,46.96,48.63,46.69,48.56,1369.63,14483.90
2017/8/18,46.10,47.18,46.10,46.70,1226.94,12945.30
2017/8/17,47.19,47.47,45.91,46.18,322.85,3112.60
2017/8/16,48.63,48.84,47.00,47.21,195.28,1850.90
2017/8/15,48.75,49.20,47.90,48.44,240.83,2281.00
2017/8/14,48.02,49.64,48.02,48.93,575.34,5506.30
2017/8/11,47.70,48.77,47.50,48.14,687.84,6777.30
2017/8/10,45.90,47.65,45.82,47.62,176.91,1687.60
2017/8/9,46.20,46.88,45.71,45.98,238.38,2277.10
2017/8/8,44.60,46.10,44.60,46.03,175.30,1648.10
2017/8/7,44.92,45.15,44.08,44.67,202.58,1891.90
2017/8/4,45.89,46.37,44.63,44.96,227.77,2076.40
2017/8/3,45.40,46.00,44.90,45.97,194.72,1802.80
2017/8/2,45.00,47.13,44.82,45.07,219.33,2096.70
2017/8/1,45.40,45.85,44.86,45.18,213.59,2022.10
2017/7/31,43.00,45.56,42.95,45.49,301.37,2802.80
2017/7/28,43.00,43.54,41.97,43.03,407.78,3684.20
2017/7/27,43.00,44.18,42.85,43.17,437.86,4155.70
2017/7/26,41.03,43.02,41.03,42.84,215.73,2162.70
2017/7/25,40.59,41.33,40.59,41.01,245.32,2512.30
2017/7/24,40.06,41.08,40.06,40.62,255.38,2608.50
2017/7/21,41.00,41.09,40.19,40.42,284.67,2917.10
2017/7/20,40.90,41.30,40.68,41.09,291.00,2924.10
2017/7/19,41.22,41.96,40.62,40.90,170.51,1720.60
2017/7/18,39.70,41.30,39.70,40.95,194.49,1964.70
2017/7/17,39.80,40.09,39.56,39.77,352.74,3544.80
2017/7/14,38.03,40.05,38.01,39.84,346.55,3598.90
2017/7/13,37.71,38.08,37.71,37.99,399.62,4181.40
2017/7/12,37.26,38.12,37.24,37.79,532.14,5792.30
2017/7/11,37.70,37.86,37.20,37.26,301.97,3228.30
2017/7/10,37.95,38.10,37.73,37.82,304.79,3257.90
2017/7/7,37.95,38.28,37.82,38.00,553.66,5977.80
2017/7/6,37.80,38.38,37.80,37.91,480.44,5185.20
2017/7/5,37.90,38.07,37.61,37.96,251.79,2639.90
2017/7/4,37.49,38.26,37.44,37.82,445.27,4528.30
2017/7/3,36.57,37.92,36.47,37.51,409.18,4292.20
2017/6/30,36.17,36.56,36.12,36.48,254.43,2750.00
2017/6/29,36.09,36.26,35.99,36.17,296.98,3263.70
2017/6/28,35.81,36.26,35.65,36.09,233.65,2633.10
2017/6/27,35.66,35.91,35.56,35.80,271.57,3043.50
2017/6/26,35.68,35.85,35.47,35.51,500.64,5640.70
2017/6/23,36.00,36.09,35.67,35.70,340.41,4057.60
2017/6/22,35.81,36.07,35.67,36.02,809.29,9813.10
2017/6/21,35.90,36.04,35.66,35.89,291.22,3464.70
2017/6/20,35.80,36.09,35.80,35.90,292.26,3550.00
2017/6/19,36.17,36.32,34.90,36.01,237.52,2855.50
2017/6/16,36.45,36.60,35.84,36.19,469.00,5604.30
2017/6/15,36.56,36.71,36.38,36.45,365.04,4431.40
2017/6/14,36.94,37.01,36.56,36.60,299.87,3678.10
2017/6/13,37.11,37.13,36.78,36.96,435.31,5308.20
2017/6/12,37.10,37.30,36.99,37.10,289.45,3559.00
2017/6/9,36.68,37.14,36.58,37.01,376.49,4601.30
2017/6/8,36.71,36.79,36.40,36.75,649.32,7998.00
2017/6/7,36.89,37.04,36.69,36.78,240.65,3078.40
2017/6/6,36.77,36.97,36.61,36.73,224.72,2884.50
2017/6/5,36.51,37.28,36.50,36.74,265.68,3399.90
2017/6/2,36.65,37.11,36.20,36.55,231.85,2967.00
2017/6/1,36.18,36.93,36.14,36.57,327.13,4184.40
2017/5/31,36.09,36.23,35.81,36.00,367.26,4746.10
2017/5/26,36.03,36.29,35.87,36.27,241.53,3160.50
2017/5/25,35.76,35.96,35.66,35.83,288.04,3794.70
2017/5/24,36.12,36.22,35.62,35.75,277.64,3634.40
2017/5/23,36.10,36.24,35.97,36.07,272.16,3545.40
2017/5/22,35.88,36.00,35.76,35.96,303.58,3923.20
2017/5/19,35.99,36.13,35.81,35.94,234.03,3059.80
2017/5/18,35.60,36.04,35.56,35.97,261.29,3410.20
2017/5/17,35.71,35.77,35.58,35.60,302.25,3943.90
2017/5/16,35.77,35.80,35.50,35.78,270.66,3549.90
2017/5/15,35.90,35.92,35.77,35.82,252.24,3343.40
2017/5/12,35.83,35.97,35.80,35.96,242.48,3234.60
2017/5/11,35.81,35.94,35.75,35.83,274.25,3644.40
2017/5/10,35.80,35.94,35.71,35.85,344.87,4587.80
2017/5/9,36.34,36.34,35.84,35.86,369.05,4976.20
2017/5/8,36.26,36.32,36.13,36.16,620.27,8376.50
2017/5/5,36.32,36.44,36.19,36.23,302.86,4036.40
2017/5/4,36.51,36.64,36.21,36.32,606.61,8155.40
2017/5/3,36.53,36.57,36.36,36.56,579.13,7876.40
2017/5/2,36.77,36.89,36.44,36.52,1059.75,14614.50
2017/4/28,36.88,36.92,36.67,36.82,453.55,6140.10
2017/4/27,36.83,37.18,36.70,36.77,467.16,6360.70
2017/4/26,36.31,36.89,36.25,36.82,441.16,5978.80
2017/4/25,36.36,36.66,36.20,36.26,727.06,9922.90
2017/4/24,36.42,36.43,36.19,36.30,989.93,13659.20
2017/4/21,36.27,36.48,36.21,36.32,1617.91,22273.20
2017/4/20,36.40,36.40,35.95,36.10,416.31,5598.90
2017/4/19,36.29,36.41,36.17,36.31,477.96,6399.20
2017/4/18,36.21,36.34,36.10,36.20,440.81,5863.40
2017/4/17,36.07,36.37,36.00,36.11,321.15,4292.40
2017/4/14,36.04,36.08,35.70,36.02,374.67,4981.30
2017/4/13,36.00,36.24,35.92,36.06,609.66,8094.80
2017/4/12,35.74,36.03,35.53,35.94,471.56,6146.20
2017/4/11,36.50,36.50,35.60,35.62,305.84,3968.10
2017/4/10,36.45,36.80,36.44,36.51,228.92,2997.60
2017/4/7,36.20,36.45,36.09,36.43,224.98,2933.10
2017/4/6,36.20,36.33,36.10,36.18,352.17,4605.20
2017/4/5,36.26,36.42,36.04,36.20,339.51,4501.70
2017/3/31,36.05,36.28,36.01,36.26,342.24,4513.70
2017/3/30,36.13,36.37,35.92,36.05,379.47,5010.20
2017/3/29,36.07,36.44,36.06,36.21,450.50,5955.40
2017/3/28,36.07,36.34,35.89,35.98,473.61,6235.60
2017/3/27,35.56,36.28,35.21,36.19,929.34,12250.70
2017/3/24,35.23,35.90,35.19,35.56,664.89,9304.70
2017/3/23,35.30,35.42,35.15,35.21,554.52,7907.30
2017/3/22,35.25,35.43,35.10,35.23,812.86,11742.70
2017/3/21,35.44,35.49,35.20,35.23,960.47,14084.10
2017/3/20,35.47,35.55,35.27,35.42,870.29,12941.00
2017/3/17,35.73,35.89,35.35,35.44,1511.30,22605.70
2017/3/16,35.73,35.94,35.68,35.73,1082.30,15995.80
2017/3/15,35.69,35.79,35.51,35.65,1410.20,20970.80
2017/3/14,35.34,36.01,35.32,35.68,1302.29,19155.10
2017/3/13,35.27,35.45,35.11,35.43,1946.31,28574.80
2017/3/10,35.15,35.29,35.03,35.13,902.55,12771.00
2017/3/9,35.20,35.32,34.99,35.29,1377.82,20139.40
2017/3/8,35.00,35.34,34.98,35.26,1243.57,17968.50
2017/3/7,34.55,35.16,34.35,35.12,1215.82,17310.20
2017/3/6,34.69,34.77,34.40,34.73,990.27,13924.60
2017/3/3,34.66,34.93,34.40,34.77,1335.99,19243.80
2017/3/2,34.85,35.05,34.61,34.74,946.27,13564.40
2017/3/1,35.42,35.45,34.45,34.66,1151.48,16406.70
2017/2/28,35.48,35.60,35.31,35.40,1991.82,28580.60
2017/2/27,35.46,35.77,35.40,35.48,1283.27,18056.80
2017/2/24,36.78,36.89,35.43,35.60,1511.17,20923.00
2017/2/23,36.63,37.50,36.61,37.03,1665.23,22633.60
2017/2/22,36.80,36.94,36.54,36.65,488.07,6206.10
2017/2/21,37.12,37.76,36.70,36.90,647.25,8376.50
2017/2/20,36.64,37.15,36.48,36.86,327.85,4381.90
2017/2/17,36.61,36.73,36.43,36.50,414.23,5550.70
2017/2/16,36.17,36.64,36.07,36.46,239.07,3168.20
2017/2/15,36.19,36.47,36.13,36.17,258.57,3416.00
2017/2/14,35.96,36.29,35.87,36.26,469.73,6218.60
2017/2/13,36.42,36.43,35.97,36.27,548.35,7496.30
2017/2/10,36.35,36.73,36.24,36.42,427.47,5886.50
2017/2/9,36.81,37.09,36.23,36.33,407.65,5604.90
2017/2/8,36.61,37.30,36.45,36.77,638.77,8864.30
2017/2/7,37.01,37.37,36.54,36.61,1169.83,16506.00
2017/2/6,36.42,36.80,36.17,36.78,1345.04,19172.10
2017/2/3,35.98,36.63,35.98,36.42,1647.72,23627.80
2017/1/26,36.22,36.35,35.96,35.98,796.08,11175.00
2017/1/25,35.81,36.44,35.81,36.12,770.56,10935.70
2017/1/24,34.95,36.35,34.95,35.90,1183.24,16879.20
2017/1/23,35.00,35.06,34.94,35.01,869.46,12206.10
2017/1/20,34.99,35.02,34.80,35.00,649.19,9029.80
2017/1/19,35.00,35.10,34.91,35.02,1120.96,15710.50
2017/1/18,34.98,35.01,34.90,34.96,857.82,11850.10
2017/1/17,34.92,35.13,34.88,34.95,1421.35,19385.00
2017/1/16,34.95,35.24,34.86,34.99,1763.74,24532.10
2017/1/13,34.92,35.20,34.85,34.94,860.39,11576.20
2017/1/12,35.00,35.01,34.33,34.71,563.96,7474.00
2017/1/11,35.11,35.18,34.88,35.00,690.38,9217.60
2017/1/10,34.98,35.05,34.88,34.99,299.36,3929.80
2017/1/9,34.88,35.16,34.87,34.93,442.74,5869.20
2017/1/6,34.59,35.09,34.52,34.97,519.15,6880.40
2017/1/5,34.89,34.98,34.54,34.61,577.23,7762.70
2017/1/4,34.63,35.10,34.50,35.06,550.53,7424.40
2017/1/3,34.40,34.65,34.20,34.61,891.44,11880.40
2016/12/30,34.40,34.73,34.36,34.53,393.16,5160.80
2016/12/29,34.42,34.43,34.10,34.19,283.59,3753.50
2016/12/28,34.56,34.64,34.39,34.42,327.39,4354.00
2016/12/27,34.56,34.62,34.40,34.55,323.84,4335.30
2016/12/26,34.22,34.79,34.15,34.49,326.21,4354.50
2016/12/23,34.12,34.28,34.05,34.22,372.62,4945.40
2016/12/22,34.16,34.24,34.11,34.14,315.77,4223.60
2016/12/21,34.24,34.27,34.10,34.12,356.70,4803.30
2016/12/20,33.88,34.29,33.88,34.20,357.05,4802.20
2016/12/19,34.12,34.18,33.88,33.94,435.07,5856.10
2016/12/16,34.13,34.18,34.05,34.11,377.55,5063.80
2016/12/15,34.22,34.32,34.01,34.12,481.45,6545.80
2016/12/14,34.26,34.44,34.20,34.30,627.20,8445.40
2016/12/13,34.62,34.75,34.25,34.38,1079.85,14719.60
2016/12/12,34.46,34.80,34.30,34.60,616.32,8205.80
2016/12/9,34.10,34.27,34.06,34.16,790.01,10261.50
2016/12/8,34.25,34.44,34.15,34.19,380.47,4793.00
2016/12/7,34.38,34.38,34.12,34.14,273.51,3429.10
2016/12/6,34.23,34.40,34.19,34.36,384.82,4835.30
2016/12/5,34.76,34.78,34.33,34.38,489.44,6281.00
2016/12/2,35.05,35.20,34.72,34.89,226.68,2980.60
2016/12/1,34.81,35.37,34.81,35.01,301.34,3982.60
2016/11/30,34.89,34.98,34.48,34.67,420.14,5521.40
2016/11/29,34.97,34.97,34.80,34.85,256.99,3330.20
2016/11/28,34.40,35.12,34.40,34.97,350.15,4548.50
2016/11/25,34.50,34.60,34.17,34.30,340.37,4350.30
2016/11/24,34.98,34.98,34.40,34.72,337.73,4347.60
2016/11/23,34.91,35.15,34.20,35.12,660.94,8596.50
2016/11/22,35.43,35.84,35.28,35.46,702.04,9548.30
2016/11/21,35.20,35.58,35.13,35.38,387.74,5333.30
2016/11/18,35.19,35.67,35.18,35.21,285.31,3968.70
2016/11/17,34.72,35.43,34.64,35.14,392.29,5462.80
2016/11/16,34.69,34.95,34.50,34.76,188.85,2591.50
2016/11/15,34.34,34.89,34.23,34.86,319.41,4378.70
2016/11/14,34.21,34.54,34.16,34.37,244.23,3378.70
2016/11/11,34.19,34.38,34.03,34.22,323.96,4478.20
2016/11/10,34.28,34.46,34.06,34.21,254.25,3545.70
2016/11/9,34.01,34.31,33.72,34.26,404.57,5650.60
2016/11/8,34.16,34.41,34.04,34.09,379.92,5327.00
2016/11/7,34.01,34.16,33.80,34.09,560.08,7824.20
2016/11/4,34.89,34.92,34.31,34.33,376.81,5220.30
2016/11/3,34.42,35.18,34.42,34.84,392.86,5440.90
2016/11/2,34.61,34.68,34.23,34.46,874.41,12183.80
2016/11/1,34.48,34.66,34.17,34.52,675.83,9597.70
2016/10/31,34.30,34.90,34.13,34.43,1104.30,15789.00
2016/10/28,34.05,34.13,33.68,33.97,893.05,13047.30
2016/10/27,34.80,34.92,33.89,33.92,735.66,10727.70
2016/10/26,33.55,35.23,33.48,34.56,832.03,12013.00
2016/10/25,32.81,33.50,32.76,33.48,513.50,7302.30
2016/10/24,32.50,33.40,32.50,32.79,745.96,10830.70
2016/10/21,32.55,32.78,32.52,32.54,933.76,13843.40
2016/10/20,32.33,32.66,32.33,32.54,1283.23,19324.10
2016/10/19,32.23,32.30,32.10,32.27,1205.84,17706.10
2016/10/18,32.16,32.25,32.11,32.18,694.84,10105.30
2016/10/17,32.18,32.20,32.01,32.15,861.04,12523.80
2016/10/14,32.13,32.28,32.10,32.18,1350.50,19515.70
2016/10/13,32.30,32.38,32.20,32.28,721.22,9946.60
2016/10/12,32.30,32.40,32.20,32.28,714.80,9721.40
2016/10/11,32.49,32.60,32.31,32.37,961.97,13960.20
2016/10/10,32.53,32.68,32.41,32.45,1038.30,15418.50
2016/9/30,32.55,32.80,31.83,32.79,2176.34,32579.10
2016/9/29,32.30,32.64,32.25,32.52,532.27,7608.60
2016/9/28,32.30,32.40,32.22,32.30,351.65,4966.90
2016/9/27,32.50,32.54,32.23,32.30,384.80,5465.50
2016/9/26,32.31,32.65,32.31,32.55,522.82,7421.40
2016/9/23,32.42,32.45,32.13,32.31,318.51,4480.80
2016/9/22,32.69,32.69,32.21,32.38,310.52,4327.90
2016/9/21,32.67,33.00,32.62,32.69,451.87,6258.60
2016/9/20,32.50,32.70,32.42,32.59,688.48,9902.20
2016/9/19,32.44,32.50,32.29,32.49,296.21,4189.80
2016/9/14,32.60,32.80,32.30,32.46,358.91,5066.10
2016/9/13,31.81,32.46,31.80,32.41,477.01,6717.80
2016/9/12,31.81,31.97,31.76,31.79,464.25,6508.70
2016/9/9,31.95,31.96,31.76,31.78,373.17,5265.20
2016/9/8,31.95,31.99,31.80,31.95,608.57,8623.60
2016/9/7,32.00,32.08,31.80,31.99,1232.47,17626.30
2016/9/6,32.20,32.25,32.00,32.07,675.04,9231.30
2016/9/5,32.12,32.66,32.06,32.44,372.95,4976.20
2016/9/2,32.14,32.28,32.06,32.18,254.87,3368.30
2016/9/1,32.17,32.30,32.01,32.04,326.64,4304.00
2016/8/31,31.90,32.18,31.85,32.16,381.97,5094.20
2016/8/30,31.57,31.86,31.46,31.85,435.94,5745.10
2016/8/29,31.50,31.74,31.45,31.68,310.41,4056.50
2016/8/26,31.98,32.13,31.21,31.55,564.76,7357.60
2016/8/25,32.09,32.14,31.97,32.00,701.32,9321.50
2016/8/24,32.05,32.15,31.97,32.08,243.82,3099.50
2016/8/23,32.18,32.48,32.01,32.06,274.67,3516.00
2016/8/22,32.20,32.20,31.97,32.12,279.49,3571.30
2016/8/19,31.97,32.19,31.92,31.98,435.41,5632.00
2016/8/18,31.83,32.12,31.83,31.97,302.86,3852.50
2016/8/17,31.62,32.08,31.61,31.98,329.89,4220.50
2016/8/16,31.69,32.02,31.50,31.98,343.73,4290.60
2016/8/15,31.95,32.03,31.70,31.80,498.73,6509.20
2016/8/12,32.12,32.23,32.02,32.15,354.48,4800.00
2016/8/11,32.22,32.24,32.08,32.14,292.70,3997.70
2016/8/10,32.40,32.45,32.05,32.11,391.37,5404.20
2016/8/9,32.45,32.45,32.02,32.34,449.93,6177.90
2016/8/8,32.31,32.50,32.10,32.21,418.54,5733.00
2016/8/5,32.69,32.82,32.25,32.29,432.77,5942.40
2016/8/4,31.94,33.50,31.94,32.72,593.30,8067.90
2016/8/3,31.75,31.94,31.50,31.91,333.25,4413.00
2016/8/2,31.70,31.71,31.58,31.60,545.48,7244.20
2016/8/1,31.61,31.79,31.50,31.63,389.79,5018.90
2016/7/29,31.83,31.88,31.59,31.61,278.42,3673.70
2016/7/28,31.72,31.83,31.50,31.64,318.38,4197.10
2016/7/27,31.76,31.96,31.71,31.83,421.06,5629.20
2016/7/26,31.82,31.97,31.72,31.82,389.76,5132.20
2016/7/25,31.71,31.90,31.70,31.83,524.74,6968.30
2016/7/22,31.41,31.89,31.37,31.81,804.95,10801.20
2016/7/21,31.60,31.65,31.45,31.51,755.23,10766.20
2016/7/20,31.56,31.70,31.51,31.61,582.42,8382.50
2016/7/19,31.55,31.85,31.49,31.72,563.38,8063.80
2016/7/18,31.20,31.85,30.95,31.71,516.24,7185.20
2016/7/15,31.24,31.37,31.16,31.25,744.27,10670.10
2016/7/14,31.08,31.26,31.02,31.19,629.99,9113.30
2016/7/13,31.39,31.40,31.05,31.16,1057.02,15285.40
2016/7/12,32.00,32.01,31.39,31.40,1658.61,26000.70
2016/7/11,31.93,32.05,31.87,31.95,1458.69,23743.40
2016/7/8,31.93,32.03,31.89,31.93,951.15,15101.90
2016/7/7,32.01,32.43,31.86,31.91,1050.80,16606.20
2016/7/6,32.09,32.40,31.95,32.04,1039.86,16418.60
2016/7/5,32.26,32.38,32.01,32.19,917.80,14131.80
2016/7/4,32.57,32.62,32.21,32.26,1287.80,20364.20
2016/7/1,32.32,32.53,32.21,32.39,1677.99,25840.20
2016/6/30,32.30,32.50,31.97,32.32,1755.99,27071.40
2016/6/29,32.00,32.55,31.88,32.42,1312.08,19909.70
2016/6/28,31.94,32.50,31.86,32.22,2563.09,38745.60
2016/6/27,31.94,32.25,31.11,32.21,1087.83,15464.50
2016/6/24,32.00,32.04,31.75,31.93,469.76,6754.60
2016/6/23,31.80,32.09,31.51,31.79,712.86,10328.80
2016/6/22,32.03,32.10,31.88,31.99,881.87,13221.40
2016/6/21,32.08,32.38,31.88,32.02,651.50,9598.00
2016/6/20,31.80,32.26,31.72,31.91,1135.69,16852.90
2016/6/17,31.49,31.75,31.40,31.55,799.04,11513.10
2016/6/16,31.32,31.84,31.32,31.51,570.69,8209.20
2016/6/15,31.20,31.27,31.04,31.16,787.97,11072.10
2016/6/14,31.89,31.96,31.36,31.37,1469.89,21856.00
2016/6/13,31.78,31.96,31.64,31.74,735.10,10651.30
2016/6/8,31.70,32.20,31.50,32.00,795.13,11633.90
2016/6/7,31.83,31.96,31.21,31.92,726.92,10393.70
2016/6/6,32.09,32.18,31.71,31.81,1069.06,15406.20
2016/6/3,31.60,32.06,31.52,31.99,1761.61,25676.10
2016/6/2,31.61,31.76,31.14,31.25,928.89,12531.40
2016/6/1,32.10,32.35,31.35,31.46,918.61,12431.20
2016/5/31,31.81,32.80,31.64,32.06,609.36,7967.00
2016/5/30,32.07,32.09,31.75,31.80,567.82,7433.60
2016/5/27,32.29,32.76,32.08,32.26,598.29,7922.10
2016/5/26,32.65,33.04,32.00,32.10,606.34,8077.20
2016/5/25,32.39,33.80,32.24,32.83,784.98,10421.90
2016/5/24,32.32,32.42,31.88,32.12,766.94,9927.50
2016/5/23,32.10,32.37,31.88,32.00,532.53,6650.70
2016/5/20,31.10,32.26,31.05,32.13,420.19,5251.40
2016/5/19,31.05,31.49,30.65,31.36,424.42,5320.00
2016/5/18,30.99,31.57,30.90,31.11,448.87,5627.30
2016/5/17,30.57,31.10,30.47,31.04,308.45,3737.50
2016/5/16,30.98,31.29,30.70,30.74,640.16,7883.30
2016/5/13,30.82,31.45,30.26,31.38,641.92,8224.00
2016/5/12,30.98,31.35,29.99,31.30,1216.24,15759.40
2016/5/11,31.38,31.58,30.81,31.05,518.85,6463.00
2016/5/10,30.28,31.60,30.13,31.55,656.37,8140.60
2016/5/9,30.25,30.49,29.98,30.38,750.84,9711.40
2016/5/6,29.35,30.30,29.35,30.18,726.45,9041.20
2016/5/5,28.90,29.69,28.56,29.26,627.37,7565.30
2016/5/4,29.05,29.15,27.81,29.01,828.85,9978.40
2016/5/3,29.33,29.40,28.94,29.10,944.41,12658.20
2016/4/29,30.37,30.37,28.86,28.96,1403.53,19818.10
2016/4/28,30.30,30.60,30.03,30.41,1688.41,25212.10
2016/4/27,30.96,30.97,30.24,30.50,1222.91,17558.40
2016/4/26,30.28,31.65,30.03,30.97,1008.42,14257.00
2016/4/25,29.91,30.15,29.73,29.92,840.90,11502.30
2016/4/22,30.28,30.49,29.80,29.91,1521.38,21204.30
2016/4/21,30.13,30.33,29.92,30.04,833.52,11123.90
2016/4/20,29.55,30.32,29.46,30.12,670.68,8793.30
2016/4/19,28.70,29.79,28.62,29.43,529.92,6705.40
2016/4/18,29.70,30.00,29.61,29.66,674.49,9100.30
2016/4/15,29.77,30.06,29.49,29.71,1089.53,14888.00
2016/4/14,29.50,29.80,29.10,29.64,724.55,9744.00
2016/4/13,29.53,30.10,29.50,29.97,1045.87,14045.70
2016/4/12,30.16,30.16,29.31,29.53,1004.47,13343.30
2016/4/11,29.20,30.38,29.12,30.18,1432.60,18957.20
2016/4/8,29.20,29.61,28.77,29.30,1738.66,23044.40
2016/4/7,29.35,29.48,28.80,29.22,1352.17,16379.40
2016/4/6,29.91,30.10,28.98,29.23,1592.02,20371.90
2016/4/5,30.29,30.36,29.89,30.26,772.33,9934.90
2016/4/1,30.37,30.49,29.68,30.22,940.98,11757.80
2016/3/31,30.37,30.81,29.87,30.15,1140.24,14167.70
2016/3/30,31.22,31.45,30.29,30.53,1462.29,18253.60
2016/3/29,31.22,31.68,30.75,31.51,1155.17,13905.30
2016/3/28,30.73,31.27,30.59,31.07,890.50,9925.60
2016/3/25,31.64,31.87,30.90,31.20,903.31,10164.70
2016/3/24,30.90,32.06,30.80,31.99,1161.20,13259.70
2016/3/23,32.77,32.78,31.85,31.99,1124.61,14250.70
2016/3/22,32.27,32.56,31.82,32.21,1281.77,17206.40
2016/3/21,33.00,33.33,32.00,32.03,2021.75,30018.10
2016/3/18,34.00,34.45,32.90,33.94,2542.55,40240.60
2016/3/17,34.00,34.52,33.00,33.77,379.20,5831.60
2016/3/16,34.30,34.66,34.00,34.53,2015.67,32856.90
2016/3/15,33.68,34.81,33.50,34.50,1783.99,26406.90
2016/3/14,35.84,35.84,33.90,34.05,930.31,14189.20
2016/3/11,35.79,36.19,35.42,36.00,1030.24,16758.70
2016/3/10,36.26,36.28,35.44,35.76,2187.75,35749.60
2016/3/9,35.70,36.19,35.67,36.15,1322.66,19814.10
2016/3/8,36.95,37.10,35.66,35.70,1258.55,18588.20
2016/3/7,36.90,37.17,36.71,36.90,1503.03,23148.00
2016/3/4,37.06,37.59,36.46,36.92,2353.03,35870.40
2016/3/3,36.92,37.88,36.80,36.98,667.38,9258.00
2016/3/2,36.85,37.11,36.41,36.93,530.06,7371.10
2016/3/1,35.79,37.23,35.65,36.90,636.06,8786.60
2016/2/29,35.41,36.28,35.36,35.79,1266.51,17676.10
2016/2/26,35.56,35.88,35.27,35.51,563.82,7623.00
2016/2/25,35.30,35.53,35.12,35.21,410.38,5551.40
2016/2/24,35.50,35.61,35.05,35.26,470.23,6406.10
2016/2/23,34.15,35.95,34.02,35.62,543.26,7299.00
2016/2/22,34.39,34.66,34.18,34.57,531.31,7089.10
2016/2/19,34.41,35.25,34.39,34.49,366.28,4866.60
2016/2/18,34.44,34.86,34.34,34.44,444.13,5921.50
2016/2/17,34.50,34.85,34.34,34.42,515.84,6834.10
2016/2/16,35.00,35.15,34.53,34.74,1082.98,14735.90
2016/2/15,35.46,35.68,34.80,34.95,1494.46,19696.10
2016/2/5,35.53,36.60,35.32,35.97,629.48,7674.80
2016/2/4,34.20,36.20,33.98,36.01,517.04,5992.90
2016/2/3,33.79,34.90,33.61,34.12,424.96,5091.10
2016/2/2,33.69,34.00,32.95,33.80,600.60,7073.20
2016/2/1,35.00,35.08,33.39,33.84,873.45,10976.40
2016/1/29,35.19,35.42,35.00,35.03,553.52,7378.80
2016/1/28,34.95,35.09,34.86,35.04,543.46,7284.90
2016/1/27,34.91,35.19,34.58,34.97,438.31,5850.40
2016/1/26,35.07,35.28,34.90,34.97,530.75,7100.10
2016/1/25,35.30,35.38,34.99,35.04,485.92,6544.70
2016/1/22,35.02,35.36,34.95,35.31,768.27,10302.50
2016/1/21,35.25,35.37,34.75,34.88,677.96,9269.50
2016/1/20,35.35,36.38,35.12,35.26,1040.20,14578.50
2016/1/19,34.54,35.15,34.45,35.12,715.85,9961.50
2016/1/18,35.05,35.48,34.91,35.05,1437.45,20215.00
2016/1/15,36.08,36.08,35.38,35.43,2024.47,28287.80
2016/1/14,36.05,36.24,35.47,35.84,834.99,11138.60
2016/1/13,36.00,36.94,35.80,36.25,1332.50,17957.80
2016/1/12,36.31,37.43,36.16,36.45,1832.32,24756.80
2016/1/11,35.25,36.50,35.03,36.19,738.68,10207.80
2016/1/8,34.51,37.48,34.47,35.32,847.34,11588.80
2016/1/7,33.09,35.37,33.09,35.00,725.46,9741.00
2016/1/6,33.18,33.27,32.90,33.02,583.51,7584.70
2016/1/5,33.14,33.46,32.91,33.02,588.85,7946.90
2016/1/4,33.40,33.95,33.24,33.49,613.32,8609.80
2015/12/31,33.71,33.85,33.21,33.38,683.69,9577.40
2015/12/30,34.20,34.35,33.50,33.55,1117.60,15846.00
2015/12/29,33.61,35.14,33.01,34.37,1732.36,25135.90
2015/12/28,34.02,35.51,33.53,33.57,1023.53,14414.50
2015/12/25,33.00,34.00,32.96,33.73,1452.80,20576.90
2015/12/24,32.50,33.05,32.35,32.86,1428.03,18919.70
2015/12/23,32.96,33.66,32.07,32.85,1725.50,23242.90
2015/12/22,32.95,33.05,32.50,32.91,1477.04,19851.90
2015/12/21,32.80,33.38,32.63,33.17,1723.99,22651.60
2015/12/18,32.65,33.15,32.50,32.79,2127.94,27117.40
2015/12/17,31.80,32.49,31.68,32.46,937.12,11456.80
2015/12/16,32.07,32.29,31.66,31.68,1112.60,13562.90
2015/12/15,32.30,32.67,32.10,32.20,1376.11,16857.80
2015/12/14,31.61,32.93,31.56,32.64,2800.13,34441.60
2015/12/11,31.10,31.83,31.00,31.68,655.42,8019.40
2015/12/10,32.00,32.15,30.55,30.70,710.87,8548.60
2015/12/9,30.05,30.18,29.77,29.86,361.58,4217.60
2015/12/8,30.48,30.48,29.67,29.93,529.90,6261.50
2015/12/7,31.05,31.13,30.68,30.90,393.34,4552.10
2015/12/4,31.01,31.40,30.58,31.23,763.24,9054.20
2015/12/3,30.91,31.33,30.84,31.14,865.55,10407.50
2015/12/2,31.29,31.58,30.71,30.77,1197.74,14249.20
2015/12/1,31.10,32.06,30.83,31.77,1022.12,11907.60
2015/11/30,30.21,31.15,30.05,30.96,675.68,7609.00
2015/11/27,30.42,31.10,30.36,30.57,687.28,7502.00
2015/11/26,30.49,31.18,30.10,30.26,1033.18,11475.00
2015/11/25,29.33,31.17,29.07,30.55,748.46,7738.00
2015/11/24,29.60,29.79,29.00,29.46,636.17,6495.30
2015/11/23,29.97,30.20,28.73,30.14,1200.96,13696.50
2015/11/20,30.16,30.47,29.61,29.84,900.30,10065.60
2015/11/19,30.08,30.36,29.81,30.27,592.75,6520.30
2015/11/18,29.86,30.66,29.61,30.22,950.37,10550.40
2015/11/17,28.86,29.87,28.86,29.76,641.92,6448.30
2015/11/16,29.65,30.28,28.60,28.88,486.37,4661.70
2015/11/13,29.15,30.24,29.03,29.98,591.38,5557.10
2015/11/12,29.53,30.18,28.65,30.16,879.53,8795.20
2015/11/11,28.86,30.35,28.52,30.29,884.92,9345.20
2015/11/10,29.50,30.39,28.79,29.65,900.85,8918.90
2015/11/9,27.40,29.00,26.97,29.00,657.11,5925.90
2015/11/6,25.20,27.30,25.12,26.36,745.34,6872.50
2015/11/5,25.30,27.55,24.65,25.11,500.99,4765.40
2015/11/4,28.49,28.50,26.45,26.45,631.21,6669.00
2015/11/3,30.46,31.15,29.30,29.39,863.19,10545.20
2015/11/2,31.00,31.40,30.52,30.55,940.16,12792.40
2015/10/30,30.95,31.64,30.50,31.41,1427.05,18516.30
2015/10/29,33.03,33.63,31.24,31.29,1551.33,21763.80
2015/10/28,33.41,33.49,32.60,32.97,1617.60,23532.30
2015/10/27,34.18,34.26,33.80,33.89,2016.32,29015.80
2015/10/26,33.71,34.28,33.50,34.07,2309.63,32530.70
2015/10/23,34.50,34.76,33.77,33.79,1609.23,21860.80
2015/10/22,34.90,35.69,34.70,34.87,1757.28,23371.30
2015/10/21,34.00,35.44,33.57,35.09,1443.95,18232.10
2015/10/20,33.34,34.24,33.15,33.89,1100.65,13113.80
2015/10/19,32.77,33.64,32.61,32.89,783.77,9106.70
2015/10/16,34.00,34.09,33.21,33.29,1376.58,16663.10
2015/10/15,33.10,34.30,32.95,34.21,1279.80,14694.90
2015/10/14,33.00,33.39,32.28,33.36,831.40,9469.20
2015/10/13,34.01,34.42,33.11,33.37,1377.95,16691.80
2015/10/12,34.90,36.08,34.10,34.31,2064.11,25737.50
2015/10/9,35.76,35.98,33.80,34.94,2224.96,26969.40
2015/10/8,35.01,36.73,34.58,35.10,2262.14,25604.00
2015/9/30,39.89,40.08,36.39,36.56,2822.94,33417.90
2015/9/29,82.69,82.69,80.55,80.62,1633.92,18734.50
2015/9/28,79.95,82.78,79.48,82.57,1432.24,16244.20
2015/9/25,80.46,80.55,78.50,79.25,1156.08,12402.70
2015/9/24,80.50,81.23,79.79,80.55,1125.49,11945.60
2015/9/23,81.95,82.39,80.50,81.09,1168.56,12075.20
2015/9/22,79.00,81.30,78.48,80.46,986.05,9818.90
2015/9/21,78.80,79.48,77.50,78.47,1012.39,9624.10
2015/9/18,78.01,80.00,77.30,79.03,1096.02,10787.70
2015/9/17,79.53,81.00,77.80,78.63,1816.58,19754.10
2015/9/16,80.94,82.75,79.40,80.63,1236.88,12841.60
2015/9/15,79.01,86.00,78.40,82.19,677.62,6461.60
2015/9/14,77.46,83.80,72.02,80.40,750.92,6377.40
2015/9/11,77.51,81.30,77.43,77.46,2942.63,22984.80
2015/9/10,76.73,86.03,71.11,86.03,969.03,8056.60
2015/9/9,80.30,80.70,75.10,78.21,1495.02,14249.60
2015/9/8,77.00,78.99,72.33,74.48,1100.09,11171.00
2015/9/7,78.98,79.89,75.20,77.81,1277.71,14605.10
2015/9/2,81.00,81.50,77.71,78.66,1225.31,16182.80
2015/9/1,77.00,82.00,76.02,81.94,1755.19,22016.20
2015/8/31,79.00,79.88,72.23,76.52,1382.42,18968.70
2015/8/28,81.00,83.82,74.44,77.44,1260.80,18682.70
2015/8/27,85.12,85.48,82.40,82.43,1411.42,23669.20
2015/8/26,84.65,85.30,83.01,84.87,1582.60,26593.10
2015/8/25,81.00,84.59,80.66,84.43,1284.85,20061.80
2015/8/24,83.20,84.60,80.08,80.44,1387.71,23254.20
2015/8/21,86.80,86.80,83.88,83.96,2516.27,47457.80
2015/8/20,87.00,87.69,86.00,87.00,2227.90,39977.80
2015/8/19,86.00,88.36,85.60,86.50,1252.35,21031.20
2015/8/18,90.43,91.00,86.78,86.98,1836.01,32173.80
2015/8/17,90.69,91.65,89.66,90.18,2307.81,42634.80
2015/8/14,88.48,92.37,87.29,90.26,2357.10,42482.00
2015/8/13,88.30,89.68,87.48,88.45,2167.50,38272.60
2015/8/12,91.80,92.18,88.68,89.39,2586.11,45160.00
2015/8/11,87.51,92.56,86.72,91.99,3402.46,58790.20
2015/8/10,89.23,89.78,85.10,86.95,2886.16,46510.10
2015/8/7,85.62,88.28,83.80,88.01,1488.70,22613.00
2015/8/6,86.40,86.99,85.01,85.54,2048.82,32091.40
2015/8/5,87.50,87.78,85.00,86.38,1754.52,26292.20
2015/8/4,84.80,88.30,83.70,87.41,1410.18,20448.00
2015/8/3,85.82,86.45,84.02,85.44,1873.28,26542.50
2015/7/31,90.75,91.06,84.90,85.22,2227.71,34994.50
2015/7/30,92.70,93.38,90.30,91.06,1554.08,24265.90
2015/7/29,93.80,94.30,91.00,93.17,1956.13,30740.80
2015/7/28,91.00,92.48,90.56,91.58,2436.54,37139.10
2015/7/27,87.34,89.63,87.20,89.56,1893.20,27584.80
2015/7/24,85.68,87.28,85.30,86.60,1749.36,24963.70
2015/7/23,85.88,86.94,84.69,85.57,1756.87,25143.20
2015/7/22,82.55,86.12,82.54,85.44,1036.12,14248.60
2015/7/21,83.80,84.05,82.31,82.41,1143.96,15671.70
2015/7/20,86.30,86.30,83.70,84.41,1601.70,22587.40
2015/7/17,86.95,88.00,86.02,86.31,762.42,10532.70
2015/7/16,88.95,89.44,86.66,87.02,1047.50,14522.30
2015/7/15,88.05,89.76,87.50,88.95,1005.89,13697.90
2015/7/14,87.00,89.85,86.03,88.72,905.31,12043.10
2015/7/13,88.12,88.40,85.02,86.90,894.65,11556.80
2015/7/10,87.00,88.49,85.86,87.05,950.69,12417.70
2015/7/9,86.80,93.76,86.51,88.57,877.88,11923.40
2015/7/8,90.54,90.79,85.94,86.15,1145.26,15988.90
2015/7/7,89.10,90.53,86.70,90.47,1355.64,19460.50
2015/7/6,89.00,90.28,88.00,88.66,2812.12,42967.10
2015/7/3,86.80,88.45,85.98,87.60,1992.62,28926.10
2015/7/2,86.20,88.11,84.63,86.07,2995.02,43204.90
2015/7/1,85.70,86.97,85.16,86.32,1697.86,24083.60
2015/6/30,86.20,86.79,83.90,84.87,1750.76,24655.80
2015/6/29,90.24,90.30,87.45,88.10,2502.16,35765.30
2015/6/26,88.79,90.68,88.33,90.11,1875.91,25937.90
2015/6/25,86.50,88.30,85.04,87.99,1468.04,19530.20
2015/6/24,88.22,89.92,85.15,85.54,1632.68,21561.30
2015/6/23,92.40,93.40,89.27,89.92,1130.51,15212.30
2015/6/19,84.00,90.91,83.70,90.80,923.87,12271.50
2015/6/18,84.51,87.25,83.91,84.56,1440.29,19615.30
2015/6/17,86.21,86.21,83.80,84.67,1613.89,23118.30
2015/6/16,87.79,88.78,86.10,86.21,1550.16,22619.10
2015/6/15,81.58,86.28,81.31,86.14,2274.08,33102.90
2015/6/12,82.72,85.43,81.13,81.44,2899.96,39116.50
2015/6/11,81.28,83.95,79.50,82.41,2440.44,31617.80
2015/6/10,79.20,81.28,78.50,81.03,1288.33,16138.30
2015/6/9,77.69,78.98,77.40,78.71,1642.20,20539.30
2015/6/8,79.88,79.92,77.04,78.02,2138.17,26482.30
2015/6/5,79.15,80.13,78.30,79.15,2107.02,25402.80
2015/6/4,82.18,82.80,77.89,78.24,1651.40,19218.30
2015/6/3,77.98,80.20,77.00,79.96,1062.03,12243.50
2015/6/2,78.15,78.24,76.30,76.72,689.92,7924.40
2015/6/1,74.80,79.88,73.85,78.14,1195.57,13697.30
2015/5/29,75.40,76.70,74.40,75.08,940.20,10819.50
2015/5/28,77.91,77.94,75.35,75.74,1518.22,17929.20
2015/5/27,79.15,79.50,77.38,77.95,1714.86,20278.60
2015/5/26,78.80,80.00,77.40,78.41,977.29,11267.70
2015/5/25,76.75,76.75,74.90,75.73,1049.75,12242.40
2015/5/22,75.63,77.49,74.89,77.42,1404.27,16162.00
2015/5/21,75.00,75.63,73.90,74.70,1086.98,12439.70
2015/5/20,69.86,73.52,69.01,73.47,684.60,7796.80
2015/5/19,69.22,70.70,68.37,68.94,573.30,6421.50
2015/5/18,67.20,69.47,66.51,68.80,873.43,9907.40
2015/5/15,66.00,67.61,65.84,66.22,882.23,10008.40
2015/5/14,65.80,66.12,64.93,65.70,1475.36,17059.70
2015/5/13,64.37,66.77,63.12,66.32,1026.53,11523.30
2015/5/12,65.25,65.69,64.90,64.98,1355.27,14951.00
2015/5/11,66.00,66.15,64.80,65.16,531.62,5678.20
2015/5/8,67.16,67.70,66.50,66.94,757.28,8088.30
2015/5/7,69.29,69.30,66.95,67.12,932.29,10079.60
2015/5/6,71.01,71.15,69.15,69.90,879.42,9650.90
2015/5/5,70.15,71.21,69.73,70.28,704.54,7651.80
2015/5/4,68.00,70.16,66.99,69.87,859.36,9390.70
2015/4/30,70.37,70.40,67.68,68.16,1176.71,12895.60
2015/4/29,70.58,71.44,70.38,70.58,1023.72,11145.50
2015/4/28,70.20,71.44,69.76,70.31,1047.62,11164.30
2015/4/27,70.34,71.33,69.76,69.92,1174.09,12359.70
2015/4/24,70.10,70.50,68.63,69.90,937.58,9625.80
2015/4/23,68.90,70.65,68.47,70.15,915.10,9504.40
2015/4/22,67.50,68.97,67.21,68.49,868.45,8949.50
2015/4/21,66.20,69.10,66.00,68.00,1308.89,13399.90
2015/4/20,65.90,68.07,65.51,66.31,2343.65,24834.50
2015/4/17,70.00,70.00,65.80,65.94,2967.03,32735.00
2015/4/16,69.27,70.31,67.38,67.50,4129.93,46445.40
2015/4/15,67.18,70.50,66.00,69.07,2456.37,25895.50
2015/4/14,66.30,67.75,65.95,66.22,1379.53,13713.50
2015/4/13,70.70,71.85,68.81,69.29,697.82,6810.10
2015/4/10,71.01,71.66,69.81,70.55,940.81,9240.80
2015/4/9,72.89,73.60,71.90,72.29,816.23,7880.80
2015/4/8,76.12,77.45,71.83,73.96,1480.27,14531.40
2015/4/7,76.30,76.44,74.70,75.61,1119.84,10594.40
2015/4/3,76.00,79.60,75.49,76.80,734.47,6799.20
2015/4/2,77.29,77.70,74.51,75.47,492.92,4430.00
2015/4/1,71.30,77.56,71.09,77.36,538.59,4766.20
2015/3/31,70.30,72.11,68.50,70.62,589.48,5098.40
2015/3/30,70.47,73.45,70.46,70.46,902.29,7956.00
2015/3/27,79.40,81.40,77.91,78.29,465.73,4350.40
2015/3/26,74.00,79.44,73.70,78.87,433.20,4045.90
2015/3/25,75.26,75.88,73.08,73.85,397.79,3699.50
2015/3/24,75.30,76.98,74.01,75.12,391.99,3637.90
2015/3/23,73.98,76.24,72.30,75.17,635.65,5871.30
2015/3/20,71.20,78.18,70.72,72.84,939.75,9070.30
2015/3/19,74.50,74.92,70.80,71.08,1009.30,10113.40
2015/3/18,73.30,75.50,72.50,73.41,1118.46,11382.60
2015/3/17,74.38,76.77,72.01,73.73,999.66,10092.60
2015/3/16,77.80,78.80,75.25,76.16,1281.39,13017.90
2015/3/13,73.50,74.88,72.29,74.71,941.87,9319.80
2015/3/12,70.16,73.98,69.75,72.78,1746.75,17878.50
2015/3/11,70.52,74.22,68.10,70.98,889.93,8698.50
2015/3/10,63.99,68.11,63.60,67.81,1100.00,10950.60
2015/3/9,61.20,63.88,60.30,63.41,1246.85,12503.10
2015/3/6,65.46,65.89,59.90,60.71,1905.89,18788.10
2015/3/5,64.69,70.20,63.52,65.37,1152.38,11118.10
2015/3/4,65.20,68.30,64.60,65.85,1819.16,17638.30
2015/3/3,66.88,66.88,62.50,64.95,2286.61,23277.80
2015/3/2,65.00,67.98,64.00,65.74,3942.90,41447.70
2015/2/27,63.65,64.80,61.71,63.72,3011.98,29667.10
2015/2/26,58.68,63.19,58.20,63.10,822.42,7468.80
2015/2/25,56.98,58.20,56.51,57.99,1387.29,12682.90
2015/2/17,57.12,59.15,56.82,57.07,1565.77,14010.70
2015/2/16,58.00,59.42,56.61,56.82,571.29,4885.00
2015/2/13,60.00,61.00,56.45,59.64,479.62,4056.20
2015/2/12,62.40,67.12,58.35,59.32,821.35,6962.30
2015/2/11,59.10,64.98,58.01,64.83,753.08,6552.00
2015/2/10,60.82,63.00,57.02,59.13,1054.17,9274.10
2015/2/9,55.04,60.24,54.58,59.99,874.46,7947.60
2015/2/6,54.70,57.21,53.75,55.01,1476.27,13263.20
2015/2/5,50.50,55.38,50.36,54.29,787.76,6949.50
2015/2/4,53.00,53.85,50.60,50.75,492.18,4301.70
2015/2/3,48.88,49.93,48.11,49.63,859.93,7549.90
2015/2/2,48.70,49.70,48.20,48.84,633.63,5518.20
2015/1/30,46.01,48.15,45.90,47.88,483.36,4181.00
2015/1/29,45.79,46.15,45.62,45.87,531.74,4580.90
2015/1/28,44.88,46.60,44.60,45.85,551.76,4701.30
2015/1/27,42.80,44.21,42.40,43.98,257.02,2149.70
2015/1/26,42.45,43.43,42.28,42.91,201.68,1687.70
2015/1/23,42.60,42.91,42.44,42.57,201.77,1678.90
2015/1/22,43.37,43.55,42.41,42.58,232.76,1926.20
2015/1/21,45.85,45.89,43.36,43.44,346.65,2874.70
2015/1/20,44.10,44.60,43.57,44.53,351.44,2902.70
2015/1/19,44.12,44.88,43.88,44.30,369.04,3073.00
2015/1/16,42.98,43.88,42.75,43.81,351.83,2968.00
2015/1/15,43.15,44.33,42.85,43.05,688.78,5832.40
2015/1/14,43.21,43.50,42.41,42.93,429.11,3721.70
2015/1/13,42.54,42.68,41.95,42.14,412.47,3596.10
2015/1/12,42.58,42.71,42.24,42.51,321.18,2773.10
2015/1/9,42.94,42.95,42.42,42.54,406.30,3541.50
2015/1/8,43.20,43.58,42.70,42.88,522.52,4582.80
2015/1/7,42.25,43.46,42.17,43.00,442.82,3879.90
2015/1/6,41.98,42.16,41.60,42.04,300.02,2584.80
2015/1/5,41.50,42.20,41.32,42.05,437.03,3770.30
2014/12/31,40.16,40.74,40.15,40.71,405.11,3476.10
2014/12/30,40.56,40.64,39.96,40.11,276.83,2339.10
2014/12/29,41.11,41.33,41.02,41.07,187.96,1560.30
2014/12/26,41.31,41.84,41.08,41.14,233.27,1928.10
2014/12/25,41.14,41.90,41.02,41.42,392.90,3278.20
2014/12/24,41.23,41.53,40.92,40.96,351.43,3022.10
2014/12/23,41.39,41.75,41.13,41.27,406.20,3535.50
2014/12/22,41.25,41.45,40.81,41.16,341.71,2984.70
2014/12/19,40.99,41.66,40.84,41.13,715.32,6245.40
2014/12/18,40.88,41.37,40.67,41.35,1095.55,10034.20
2014/12/17,40.86,41.15,40.65,40.75,1267.99,11500.90
2014/12/16,41.15,41.19,40.64,40.88,520.41,4621.90
2014/12/15,41.73,41.73,41.30,41.38,540.43,4737.50
2014/12/12,41.89,42.29,41.80,41.90,601.31,5311.70
2014/12/11,41.50,41.88,41.28,41.87,603.79,5345.20
2014/12/10,41.68,41.70,41.30,41.34,469.25,4165.10
2014/12/9,41.98,41.99,41.37,41.60,573.57,5045.10
2014/12/8,41.86,41.95,41.47,41.81,486.19,4229.80
2014/12/5,42.51,42.69,41.85,41.95,329.56,2823.30
2014/12/4,41.06,42.40,41.06,42.35,645.31,5603.90
2014/12/3,41.07,41.36,40.91,41.28,584.99,5050.50
2014/12/2,42.20,42.20,41.00,41.03,396.17,3390.80
2014/12/1,42.03,42.46,41.95,42.39,676.06,5824.00
2014/11/28,41.85,42.20,41.72,42.00,672.65,5951.30
2014/11/27,42.10,42.10,41.80,41.91,437.08,3809.20
2014/11/26,42.34,42.43,41.80,41.83,725.18,6229.90
2014/11/25,42.55,42.61,42.05,42.26,1417.71,12840.40
2014/11/24,42.70,42.91,42.53,42.88,947.96,8533.00
2014/11/21,43.09,43.75,42.80,43.02,965.34,8607.00
2014/11/20,43.35,43.35,42.90,43.16,884.91,7835.50
2014/11/19,44.08,44.45,43.54,43.62,1243.77,11046.80
2014/11/18,44.13,44.57,43.75,44.14,698.31,6058.30
2014/11/17,43.51,44.05,43.36,43.98,679.27,5881.70
2014/11/14,43.05,43.60,43.04,43.40,1029.74,9036.30
2014/11/13,42.75,43.02,42.36,43.00,1162.28,10069.70
2014/11/12,42.60,42.80,42.45,42.63,836.23,7085.70
2014/11/11,42.36,42.56,42.11,42.50,698.72,5909.60
2014/11/10,42.46,42.63,42.06,42.10,340.78,2876.50
2014/11/7,42.54,42.63,42.30,42.42,663.24,5697.80
2014/11/6,42.23,42.57,42.06,42.38,1194.04,10336.90
2014/11/5,42.79,42.85,42.19,42.25,2060.68,17992.00
2014/11/4,42.51,42.90,42.48,42.85,1179.71,9972.30
2014/11/3,42.91,43.14,42.10,42.53,469.65,3863.60
2014/10/31,43.19,43.27,42.74,42.91,556.54,4599.90
2014/10/30,43.80,43.90,42.97,43.37,480.50,4041.60
2014/10/29,43.90,44.12,43.50,43.70,565.85,4801.00
2014/10/28,43.25,44.05,43.09,43.85,580.72,4914.00
2014/10/27,44.00,44.18,43.05,43.15,384.26,3214.40
2014/10/24,43.00,43.80,42.85,43.75,623.40,5257.80
2014/10/23,43.43,43.44,42.72,42.99,484.66,4052.60
2014/10/22,43.00,43.76,42.93,43.55,557.06,4668.50
2014/10/21,43.14,43.26,42.61,42.82,600.04,5089.90
2014/10/20,43.75,43.80,42.89,42.99,942.23,7966.10
2014/10/17,44.18,44.18,43.24,43.67,631.46,5255.10
2014/10/16,45.01,45.10,44.10,44.48,1083.50,9035.00
2014/10/15,43.90,45.14,43.57,45.10,2152.23,18492.80
2014/10/14,44.56,44.88,43.70,43.72,2521.05,22124.70
2014/10/13,43.97,44.70,43.38,44.62,2535.60,21897.40
2014/10/10,43.70,44.31,43.50,43.92,1834.24,15544.30
2014/10/9,43.70,44.16,43.35,43.93,2010.72,16938.40
2014/10/8,42.75,44.09,42.72,43.83,2539.75,21095.70
2014/9/30,42.30,42.75,42.13,42.44,1823.58,14842.80
2014/9/29,41.17,42.47,41.17,42.19,659.12,5213.70
2014/9/26,40.20,41.42,40.20,41.08,1060.33,8256.20
2014/9/25,39.65,40.44,39.65,40.22,569.45,4327.20
2014/9/24,39.84,40.15,39.75,39.86,305.93,2291.90
2014/9/23,39.75,40.20,39.55,39.81,333.08,2482.80
2014/9/22,39.70,39.95,39.59,39.91,302.67,2306.40
2014/9/19,39.92,40.30,39.59,39.72,487.23,3698.10
2014/9/18,39.96,40.25,39.74,39.93,456.93,3478.40
2014/9/17,39.43,39.99,39.42,39.96,565.08,4343.80
2014/9/16,39.58,39.68,39.30,39.41,517.41,3914.20
2014/9/15,39.88,39.99,39.22,39.40,554.85,4180.40
2014/9/12,40.01,40.46,39.70,39.71,916.39,6845.20
2014/9/11,39.98,40.10,39.83,40.08,985.99,7821.10
2014/9/10,39.88,40.21,39.72,40.04,1744.30,13936.30
2014/9/9,39.55,40.12,39.55,39.88,1289.22,9958.40
2014/9/5,39.49,39.75,39.37,39.55,541.18,4073.50
2014/9/4,39.31,39.62,39.20,39.44,462.55,3457.70
2014/9/3,39.51,39.65,39.11,39.28,453.43,3346.00
2014/9/2,38.91,39.54,38.90,39.34,376.00,2759.60
2014/9/1,39.29,39.29,38.74,38.87,301.40,2182.30
2014/8/29,39.49,39.72,39.43,39.70,227.13,1621.00
2014/8/28,39.75,39.75,39.25,39.42,246.49,1788.90
2014/8/27,39.68,39.83,39.31,39.74,270.35,1943.70
2014/8/26,40.00,40.44,39.61,39.68,216.53,1526.60
2014/8/25,39.92,40.13,39.73,40.03,327.51,2339.40
2014/8/22,40.40,40.46,39.72,39.81,348.14,2540.80
2014/8/21,40.45,40.60,40.17,40.25,381.18,2821.80
2014/8/20,40.84,40.85,40.14,40.38,390.28,2917.70
2014/8/19,40.80,41.15,40.66,40.90,434.55,3213.30
2014/8/18,39.99,41.00,39.90,40.83,402.59,2988.80
2014/8/15,40.08,40.31,39.88,39.97,357.26,2697.60
2014/8/14,40.25,40.38,39.85,40.13,362.61,2709.40
2014/8/13,39.75,40.48,39.75,40.45,604.25,4578.50
2014/8/12,39.26,40.03,39.25,39.70,439.43,3436.30
2014/8/11,39.78,39.85,39.23,39.46,365.05,2886.20
2014/8/8,39.25,39.89,39.18,39.79,370.41,2922.40
2014/8/7,39.85,39.85,39.08,39.32,407.02,3271.80
2014/8/6,39.96,40.29,39.89,39.90,738.54,5900.70
2014/8/5,40.09,40.13,39.71,39.88,925.86,7766.60
2014/8/4,39.91,40.39,39.51,39.98,680.65,5611.70
2014/8/1,39.25,39.90,39.08,39.83,1028.52,8566.80
2014/7/31,39.20,39.48,39.10,39.27,1362.12,11056.40
2014/7/30,39.58,39.77,39.00,39.26,476.77,3727.30
2014/7/29,39.13,39.40,39.13,39.39,691.23,5431.30
2014/7/28,39.17,39.73,39.11,39.13,1011.12,7913.60
2014/7/25,38.68,39.24,38.48,39.17,1123.30,9403.10
2014/7/24,38.97,39.07,38.66,38.78,709.84,5811.00
2014/7/23,39.50,39.53,38.52,38.71,927.92,7559.30
2014/7/22,39.70,39.72,39.00,39.53,1365.38,11332.70
2014/7/21,39.95,40.06,39.51,39.63,1087.74,9319.30
2014/7/18,39.98,40.25,39.80,39.87,1742.18,15088.10
2014/7/17,40.08,40.40,39.74,39.92,3053.97,27097.40
2014/7/16,39.62,40.29,39.51,40.05,1974.57,16758.70
2014/7/15,39.50,39.57,39.13,39.26,3252.52,27809.40
2014/7/14,39.30,40.33,39.16,39.35,2819.61,25026.60
2014/7/11,39.28,39.63,39.14,39.36,3153.03,26619.60
2014/7/10,39.05,39.79,39.02,39.53,2240.23,17745.80
2014/7/9,38.98,39.43,38.78,39.20,409.19,2994.00
2014/7/8,39.35,39.36,38.98,39.14,335.32,2365.40
2014/7/7,38.51,39.36,38.51,39.09,550.78,3906.30
2014/7/4,38.81,39.17,38.01,38.09,545.77,4177.40
2014/7/3,39.45,39.58,38.93,39.01,438.07,3317.80
2014/7/2,38.99,39.64,38.90,39.52,534.43,4136.90
2014/7/1,39.10,39.48,38.87,38.97,634.67,4819.70
2014/6/30,38.89,39.30,38.65,39.26,762.97,5847.50
2014/6/27,39.25,39.80,38.82,38.91,613.44,4815.10
2014/6/26,39.38,39.83,39.07,39.57,574.94,4518.00
2014/6/25,40.34,40.45,39.56,39.60,745.83,5805.30
2014/6/24,39.99,40.48,39.82,40.19,799.51,6233.20
2014/6/23,40.58,40.70,39.90,40.07,707.75,5506.20
2014/6/20,41.19,41.45,40.52,40.81,1773.72,13780.20
2014/6/19,42.30,42.33,40.95,41.21,941.21,7067.30
2014/6/18,39.50,43.19,39.11,42.28,666.52,4954.50
2014/6/17,39.89,39.99,39.27,39.47,594.64,4359.30
2014/6/16,38.80,40.15,38.75,39.89,538.42,3924.20
2014/6/13,38.31,39.00,38.20,38.92,861.02,6243.80
2014/6/12,38.69,39.43,38.54,38.56,1801.23,13515.10
2014/6/11,37.77,38.52,37.61,38.49,377.01,2609.20
2014/6/10,37.55,38.23,37.45,37.70,754.12,5302.70
2014/6/9,37.49,37.77,37.28,37.56,1217.98,9085.70
2014/6/6,37.00,37.50,36.95,37.37,681.50,4925.20
2014/6/5,37.12,37.44,36.66,37.18,470.39,3370.50
2014/6/4,37.33,37.57,37.05,37.18,862.96,6224.80
2014/6/3,37.56,37.88,37.05,37.15,495.33,3496.60
2014/5/30,37.60,37.95,37.35,37.75,505.58,3454.50
2014/5/29,35.91,37.70,35.90,37.50,614.45,4332.00
2014/5/28,36.00,36.95,35.71,36.09,792.27,5679.50
2014/5/27,36.22,36.36,35.51,36.00,464.60,3298.30
2014/5/26,36.88,36.88,36.33,36.35,485.78,3440.70
2014/5/23,36.94,37.10,36.62,36.84,533.21,3827.50
2014/5/22,36.60,36.98,36.51,36.68,447.94,3185.70
2014/5/21,36.52,37.11,36.33,36.74,607.50,4327.90
2014/5/20,36.10,36.67,36.10,36.34,1115.63,8054.00
2014/5/19,36.03,36.48,35.98,36.20,1138.43,8071.20
2014/5/16,37.08,37.08,36.08,36.18,340.32,2308.50
2014/5/15,37.57,38.09,37.30,37.54,218.83,1508.70
2014/5/14,37.50,38.15,37.05,37.85,268.13,1860.10
2014/5/13,38.15,38.15,37.52,37.66,395.13,2739.20
2014/5/12,37.92,38.39,37.54,37.97,577.39,4008.50
2014/5/9,38.27,38.35,37.71,37.98,314.89,2078.30
2014/5/8,37.90,38.55,37.80,38.50,617.99,4277.70
2014/5/7,37.68,38.29,37.23,38.00,496.23,3393.00
2014/5/6,37.36,37.70,37.24,37.50,905.56,6308.50
2014/5/5,38.70,38.77,37.35,37.64,313.18,2100.30
2014/4/30,38.51,39.00,38.12,38.84,268.55,1789.10
2014/4/29,38.60,39.06,38.37,39.03,226.67,1515.30
2014/4/28,39.23,39.64,38.50,38.58,320.90,2146.10
2014/4/25,38.67,39.42,38.42,39.11,285.38,1937.20
2014/4/24,39.38,39.39,38.60,38.69,392.37,2667.60
2014/4/23,39.60,39.78,39.08,39.50,466.35,3121.80
2014/4/22,38.90,39.30,38.88,39.07,473.91,3139.50
2014/4/21,39.25,39.47,38.50,38.95,260.01,1699.40
2014/4/18,39.70,39.84,39.03,39.22,339.82,2210.10
2014/4/17,38.98,40.00,38.71,39.56,541.98,3539.20
2014/4/16,38.33,39.18,38.32,39.07,317.87,1996.80
2014/4/15,38.61,38.63,37.90,38.21,71.41,433.80
2014/4/14,39.00,39.16,38.63,39.14,77.98,472.80
2014/4/11,39.30,39.39,39.03,39.28,125.34,763.50
2014/4/10,39.10,39.33,38.78,39.16,147.32,900.80
2014/4/9,39.98,39.98,38.68,39.00,125.66,768.70
2014/4/8,40.62,41.39,40.50,40.53,126.34,763.80
2014/4/4,41.60,41.76,40.80,41.00,134.04,806.70
2014/4/3,41.31,42.14,41.16,41.81,64.98,384.60
2014/4/2,40.80,41.92,40.80,41.35,59.30,347.60
2014/4/1,40.60,41.30,40.52,40.72,94.84,561.60
2014/3/31,41.03,41.27,40.50,40.86,102.61,617.60
2014/3/28,39.76,41.65,39.67,41.22,81.20,486.90
2014/3/27,39.93,40.03,39.30,39.72,98.77,587.70
2014/3/26,39.50,40.22,39.06,39.99,96.05,564.00
2014/3/25,39.73,40.12,38.98,39.45,117.36,697.70
2014/3/24,39.96,40.15,39.48,39.57,139.38,851.70
2014/3/21,40.50,40.89,39.70,39.97,118.01,727.90
2014/3/20,40.19,40.88,39.87,40.63,204.53,1264.80
2014/3/19,39.63,40.29,39.63,40.09,198.76,1252.30
2014/3/18,40.18,40.97,38.90,40.29,168.84,1091.70
2014/3/17,40.70,40.90,40.08,40.29,236.73,1552.10
2014/3/14,41.59,41.60,40.66,41.30,346.92,2285.80
2014/3/13,40.70,41.86,40.60,41.73,158.09,1025.00
2014/3/12,41.22,41.50,40.79,40.81,144.14,925.70
2014/3/11,39.80,41.20,39.60,40.84,158.82,1013.80
2014/3/10,39.91,40.01,39.40,39.58,148.29,952.40
2014/3/7,39.88,40.33,39.50,40.10,249.03,1599.50
2014/3/6,39.74,40.40,39.53,39.87,192.62,1239.40
2014/3/5,39.15,39.92,38.74,39.52,285.84,1885.90
2014/3/4,40.81,41.22,38.61,38.97,296.83,2022.70
2014/3/3,42.20,42.40,40.85,40.90,366.34,2559.10
2014/2/28,41.76,42.20,41.65,41.81,351.00,2453.10
2014/2/27,42.02,42.22,41.16,41.99,769.78,5556.50
2014/2/26,42.18,42.68,41.75,42.02,391.18,2783.30
2014/2/25,41.00,42.37,40.76,42.28,599.74,4306.40
2014/2/24,41.49,41.96,41.00,41.52,821.51,5830.20
2014/2/21,42.82,42.82,41.47,41.73,1826.65,13433.20
2014/2/20,42.98,43.50,42.86,43.19,658.15,4555.40
2014/2/19,43.60,43.91,42.50,42.91,263.35,1767.80
2014/2/18,44.12,44.50,42.44,42.91,216.97,1446.30
2014/2/17,44.21,44.50,43.88,44.02,284.43,1878.40
2014/2/14,42.83,44.66,42.73,44.25,155.08,999.10
2014/2/13,42.60,43.35,41.91,42.99,325.75,2113.30
2014/2/12,41.43,43.30,41.43,42.89,273.60,1850.00
2014/2/11,41.60,41.80,41.20,41.56,221.68,1495.80
2014/2/10,41.59,42.38,41.45,41.49,192.60,1286.20
2014/2/7,40.55,41.98,40.32,41.44,218.28,1459.80
2014/1/30,40.60,40.90,40.16,40.55,249.11,1667.20
2014/1/29,40.00,41.84,39.68,40.41,247.76,1659.00
2014/1/28,40.11,40.41,39.55,40.08,374.98,2536.80
2014/1/27,40.79,40.84,39.50,40.01,252.68,1681.10
2014/1/24,41.19,41.37,40.40,41.00,209.28,1379.30
2014/1/23,41.10,41.88,40.60,40.78,221.97,1458.60
2014/1/22,38.89,41.40,38.45,41.14,239.38,1553.50
2014/1/21,36.78,38.44,36.78,38.18,100.86,640.60
2014/1/20,36.41,36.99,36.37,36.74,168.11,1076.00
2014/1/17,36.90,37.10,36.20,36.27,139.64,897.10
2014/1/16,36.51,37.48,36.51,37.37,119.99,764.20
2014/1/15,36.00,36.45,35.95,36.25,142.39,904.50
2014/1/14,36.23,36.69,36.06,36.08,207.71,1342.00
2014/1/13,36.79,36.97,36.30,36.55,212.77,1416.30
2014/1/10,36.52,36.99,36.45,36.61,157.70,1045.20
2014/1/9,36.99,36.99,36.06,36.74,84.46,564.40
2014/1/8,37.70,37.94,37.01,37.13,240.78,1602.50
2014/1/7,36.82,37.99,36.82,37.56,343.61,2373.20
2014/1/6,37.28,37.33,36.75,36.82,539.23,3807.20
2014/1/3,36.79,37.47,36.60,37.39,410.21,2882.50
2014/1/2,35.75,37.14,35.61,36.76,187.44,1326.50
