SharerID,SharedID,Stops
15670,10015,0
16435,10015,0
16435,10015,0
16840,10015,0
19555,10015,0
20755,10015,0
20875,10015,0
16945,10030,0
17920,10030,0
20950,10030,0
20950,10030,0
21160,10030,0
12850,10045,0
14320,10045,0
16270,10045,0
17620,10045,0
19150,10045,0
19270,10045,0
21085,10045,0
21520,10060,0
21520,10060,0
15610,10090,0
12160,10105,0
15790,10105,0
14320,10120,0
15535,10120,0
16075,10150,0
17125,10150,0
17695,10150,0
11515,10165,0
11680,10180,0
16225,10180,0
11830,10195,0
13720,10195,0
14800,10195,0
15385,10195,0
15640,10195,0
15640,10195,0
15640,10195,0
15640,10195,0
15640,10195,0
19075,10195,0
13810,10225,0
13810,10225,0
17185,10240,0
17995,10240,0
18025,10255,0
18025,10255,0
18025,10255,0
14545,10270,0
14545,10270,0
14545,10270,0
14545,10270,0
17065,10315,0
17965,10315,0
19510,10315,0
19510,10315,0
12430,10330,0
12430,10330,0
12430,10330,0
12430,10330,0
12430,10330,0
13225,10330,0
14095,10330,0
14335,10345,0
10585,10360,0
11545,10360,0
11545,10360,0
11545,10360,0
12445,10360,0
14005,10360,0
18310,10360,0
11695,10375,0
12100,10375,0
13270,10375,0
13270,10375,0
15820,10375,0
15820,10375,0
15925,10375,0
16135,10375,0
19030,10375,0
19330,10375,0
19600,10375,0
19600,10375,0
17650,10390,0
17650,10390,0
17920,10390,0
13360,10405,0
13360,10405,0
14200,10405,0
17875,10405,0
19885,10405,0
12460,10420,0
12565,10420,0
13420,10420,0
14455,10420,0
19615,10420,0
10750,10450,0
11380,10450,0
12340,10450,0
12955,10450,0
15985,10450,0
16030,10450,0
16225,10450,0
17980,10450,0
15175,10465,0
19300,10465,0
19300,10465,0
13735,10495,0
18655,10495,0
12745,10510,0
14470,10510,0
17725,10510,0
18490,10510,0
14275,10525,0
14275,10525,0
16555,10525,0
15040,10540,0
15385,10540,0
17485,10540,0
11260,10555,0
14740,10555,0
14740,10555,0
16240,10555,0
10750,10570,0
10750,10570,0
10750,10570,0
10750,10570,0
10795,10570,0
13045,10570,0
13660,10570,0
18685,10570,0
18925,10570,0
20080,10570,0
20080,10570,0
21385,10570,0
10675,10585,0
12175,10585,0
13435,10585,0
13705,10585,0
14065,10585,0
14740,10585,0
15805,10585,0
18580,10585,0
20590,10585,0
20590,10585,0
21010,10585,0
21520,10585,0
21775,10585,0
16675,10600,0
15460,10615,0
16855,10615,0
16855,10615,0
17140,10615,0
17140,10615,0
18940,10615,0
12220,10630,0
16570,10630,0
16705,10630,0
18565,10630,0
11950,10645,0
12490,10645,0
12850,10645,0
13975,10645,0
13975,10645,0
14095,10645,0
15190,10645,0
15715,10645,0
15715,10645,0
19180,10645,0
19585,10645,0
20590,10645,0
13240,10675,0
13240,10675,0
16750,10675,0
18610,10675,0
18610,10675,0
18610,10675,0
18610,10675,0
20395,10690,0
21835,10690,0
21835,10690,0
10195,10705,0
12415,10705,0
13255,10705,0
13810,10705,0
10720,10720,0
10720,10720,0
13195,10720,0
18655,10720,0
20215,10720,0
14185,10735,0
10330,10750,0
12040,10750,0
13480,10750,0
16420,10750,0
16780,10750,0
16780,10750,0
16900,10750,0
18625,10750,0
18625,10750,0
18625,10750,0
18625,10750,0
11710,10765,0
13045,10765,0
10030,10795,0
10030,10795,0
14365,10795,0
20785,10795,0
14440,10810,0
14440,10810,0
15340,10810,0
16165,10810,0
16165,10810,0
16210,10810,0
18745,10810,0
18745,10810,0
13030,10840,0
15565,10840,0
15595,10840,0
16750,10840,0
11245,10855,0
20020,10870,0
13315,10885,0
20635,10885,0
21760,10885,0
17680,10900,0
18655,10900,0
10810,10930,0
13060,10930,0
14320,10930,0
15025,10930,0
15850,10930,0
17980,10945,0
20230,10945,0
21460,10945,0
21460,10945,0
21925,10945,0
12010,10960,0
17320,10960,0
15985,10975,0
15985,10975,0
17485,10975,0
19375,10975,0
21580,10975,0
20800,10990,0
15040,11005,0
16120,11005,0
16480,11005,0
10180,11020,0
16165,11020,0
16165,11020,0
16165,11020,0
17785,11020,0
17785,11020,0
19795,11020,0
21145,11020,0
21265,11020,0
21265,11020,0
11065,11035,0
14470,11035,0
14470,11035,0
10810,11065,0
13000,11065,0
14440,11065,0
14440,11065,0
18325,11065,0
10330,11080,0
10840,11080,0
12430,11080,0
13810,11080,0
13810,11080,0
13810,11080,0
18985,11080,0
11095,11095,0
13300,11095,0
13300,11095,0
16060,11095,0
16405,11095,0
19015,11095,0
20440,11095,0
20440,11095,0
10330,11110,0
17935,11110,0
17935,11110,0
15745,11125,0
15745,11125,0
13135,11140,0
15535,11140,0
19075,11185,0
15145,11200,0
17650,11215,0
13270,11245,0
13270,11245,0
13390,11245,0
15970,11260,0
16810,11260,0
19255,11260,0
21835,11260,0
15685,11275,0
16465,11275,0
10375,11290,0
15580,11290,0
16675,11290,0
17440,11290,0
17440,11290,0
14545,11320,0
15865,11320,0
18700,11320,0
18700,11320,0
21130,11320,0
21130,11320,0
13120,11365,0
18025,11365,0
11290,11380,0
12295,11380,0
13165,11380,0
13165,11380,0
14230,11380,0
15385,11380,0
15580,11380,0
17980,11380,0
13930,11410,0
14605,11410,0
21010,11410,0
21010,11410,0
12100,11425,0
13030,11425,0
13030,11425,0
15955,11425,0
18610,11425,0
16690,11455,0
17740,11455,0
17800,11455,0
19090,11455,0
18595,11470,0
15715,11485,0
12760,11500,0
15385,11500,0
16135,11500,0
11515,11515,0
11515,11515,0
11515,11515,0
11515,11515,0
13030,11515,0
13030,11515,0
14680,11515,0
14680,11515,0
15235,11515,0
15235,11515,0
15235,11515,0
15235,11515,0
15235,11515,0
15280,11515,0
16105,11515,0
17170,11515,0
17620,11515,0
18925,11515,0
15385,11530,0
15385,11530,0
14410,11545,0
14425,11545,0
14515,11545,0
16495,11545,0
17320,11545,0
18940,11545,0
19345,11545,0
19750,11545,0
19750,11545,0
17890,11575,0
19195,11575,0
19165,11605,0
19165,11605,0
20125,11620,0
16225,11635,0
16225,11635,0
16225,11635,0
13015,11650,0
21490,11650,0
21490,11650,0
15880,11665,0
15880,11665,0
17545,11665,0
18445,11665,0
20755,11665,0
10120,11680,0
10600,11680,0
12580,11680,0
16165,11680,0
20875,11680,0
15730,11695,0
15820,11695,0
16030,11695,0
16030,11695,0
20020,11695,0
20020,11695,0
21355,11695,0
18160,11710,0
18295,11710,0
13780,11725,0
13795,11725,0
14395,11725,0
14395,11725,0
14395,11725,0
14395,11725,0
14395,11725,0
14470,11725,0
16870,11725,0
20125,11725,0
20755,11725,0
20755,11725,0
18475,11740,0
18670,11740,0
10270,11770,0
10270,11770,0
10270,11770,0
11320,11770,0
10315,11785,0
10315,11785,0
11290,11785,0
11380,11785,0
11770,11785,0
14095,11785,0
16495,11785,0
16975,11785,0
17800,11785,0
17800,11785,0
17800,11785,0
19600,11785,0
19795,11785,0
10105,11800,0
19255,11800,0
19780,11800,0
21190,11800,0
10840,11815,0
13045,11815,0
20590,11815,0
21265,11815,0
11200,11830,0
11710,11830,0
14170,11830,0
16135,11830,0
16960,11830,0
18205,11830,0
20665,11830,0
10450,11845,0
18580,11860,0
19105,11860,0
21190,11860,0
11875,11875,0
15385,11875,0
19645,11875,0
10195,11890,0
10405,11890,0
11110,11890,0
10090,11905,0
14935,11905,0
17410,11905,0
17995,11905,0
21790,11905,0
13525,11920,0
18010,11935,0
10195,11950,0
14170,11950,0
14440,11950,0
15280,11950,0
10150,11980,0
15430,11995,0
16990,11995,0
12010,12010,0
12010,12010,0
15970,12010,0
15970,12010,0
16225,12010,0
16225,12010,0
16720,12010,0
18235,12010,0
19675,12010,0
20530,12010,0
21010,12010,0
21205,12010,0
21580,12010,0
21865,12010,0
15625,12025,0
10735,12040,0
13900,12040,0
16135,12040,0
11320,12055,0
13810,12055,0
13810,12055,0
15205,12055,0
15205,12055,0
20620,12055,0
20995,12055,0
20995,12055,0
11815,12070,0
12190,12070,0
12190,12070,0
12850,12070,0
12850,12070,0
12850,12070,0
12850,12070,0
19420,12070,0
19975,12070,0
12445,12085,0
11665,12100,0
11695,12100,0
13000,12100,0
18325,12100,0
20830,12100,0
20830,12100,0
21460,12115,0
20170,12130,0
18025,12145,0
18025,12145,0
11740,12160,0
12385,12160,0
13360,12160,0
16255,12160,0
17320,12160,0
19660,12160,0
20740,12160,0
13240,12175,0
11680,12190,0
12850,12190,0
12850,12190,0
11500,12205,0
12040,12205,0
12040,12205,0
12205,12205,0
12205,12205,0
12205,12205,0
16330,12205,0
17920,12205,0
17920,12205,0
11005,12220,0
13360,12220,0
18640,12220,0
18895,12250,0
15640,12280,0
15640,12280,0
15640,12280,0
18685,12280,0
10555,12295,0
12655,12295,0
21925,12295,0
21925,12295,0
20980,12310,0
10015,12325,0
14005,12325,0
20020,12325,0
20020,12325,0
20680,12325,0
17365,12340,0
18115,12355,0
19780,12355,0
19780,12355,0
20935,12355,0
20905,12370,0
16600,12385,0
20560,12415,0
10405,12430,0
15580,12430,0
15595,12430,0
15745,12430,0
16810,12430,0
16810,12430,0
17725,12430,0
18250,12430,0
18250,12430,0
18250,12430,0
11830,12445,0
17050,12445,0
17050,12445,0
17215,12445,0
20020,12445,0
14440,12460,0
14440,12460,0
14440,12460,0
10885,12520,0
12055,12520,0
16930,12520,0
11245,12535,0
11245,12535,0
18535,12535,0
19870,12535,0
19870,12535,0
21880,12535,0
15550,12565,0
16810,12565,0
18070,12565,0
20305,12565,0
19990,12580,0
21580,12580,0
21580,12580,0
14200,12595,0
18505,12595,0
20980,12595,0
20980,12595,0
10375,12610,0
11140,12610,0
18970,12625,0
18970,12625,0
16240,12655,0
19780,12670,0
19780,12670,0
10930,12715,0
16045,12715,0
17170,12715,0
17785,12715,0
10465,12745,0
10465,12745,0
11515,12745,0
12010,12745,0
16210,12745,0
16210,12745,0
16210,12745,0
20350,12745,0
13315,12760,0
15460,12790,0
15955,12790,0
17995,12805,0
20665,12820,0
13510,12835,0
17710,12835,0
18475,12835,0
10360,12850,0
10360,12850,0
10360,12850,0
10360,12850,0
10525,12850,0
12850,12850,0
13525,12850,0
14170,12850,0
16135,12850,0
18805,12850,0
19210,12850,0
19675,12850,0
12580,12865,0
13180,12865,0
13930,12865,0
15100,12865,0
16390,12865,0
17125,12865,0
10450,12880,0
17320,12880,0
17320,12880,0
20755,12880,0
10645,12895,0
11320,12895,0
11320,12895,0
10675,12910,0
19570,12910,0
13315,12955,0
14410,12955,0
15340,12955,0
15625,12955,0
19075,12955,0
19855,12955,0
11080,12985,0
13780,12985,0
21415,12985,0
12520,13000,0
12850,13000,0
13000,13000,0
13360,13000,0
15520,13000,0
17785,13000,0
20260,13000,0
20260,13000,0
21025,13000,0
21025,13000,0
21685,13000,0
21685,13000,0
21685,13000,0
10555,13015,0
15220,13015,0
17965,13015,0
18505,13015,0
20065,13015,0
10645,13030,0
10645,13030,0
11485,13030,0
13030,13030,0
13030,13030,0
14755,13030,0
15700,13030,0
17245,13030,0
18580,13030,0
21595,13030,0
11830,13045,0
13840,13045,0
13840,13045,0
18730,13045,0
15385,13060,0
15385,13060,0
10990,13075,0
13675,13075,0
16570,13075,0
16570,13075,0
21775,13075,0
13735,13090,0
13735,13090,0
13735,13090,0
18325,13090,0
12205,13120,0
12205,13120,0
12205,13120,0
12205,13120,0
13120,13120,0
13120,13120,0
21355,13120,0
21355,13120,0
21385,13120,0
10570,13135,0
12010,13135,0
12325,13135,0
12370,13135,0
13135,13135,0
13135,13135,0
16855,13135,0
16855,13135,0
16855,13135,0
17410,13135,0
18565,13135,0
19105,13135,0
19345,13135,0
20755,13135,0
20755,13135,0
21865,13135,0
21865,13135,0
10045,13150,0
12130,13150,0
15730,13150,0
16345,13150,0
16345,13150,0
16750,13150,0
17185,13150,0
18970,13150,0
19135,13150,0
19630,13150,0
20380,13150,0
11035,13165,0
17320,13165,0
19300,13165,0
19300,13165,0
19300,13165,0
19300,13165,0
13645,13180,0
19210,13180,0
19210,13180,0
19210,13180,0
19585,13180,0
14185,13195,0
10375,13225,0
10375,13225,0
10375,13225,0
16570,13225,0
17455,13240,0
17455,13240,0
18070,13240,0
18070,13240,0
21760,13240,0
20560,13255,0
10945,13270,0
13135,13270,0
13135,13270,0
13390,13270,0
13390,13270,0
15310,13270,0
16210,13270,0
21040,13270,0
10795,13285,0
14890,13300,0
20905,13300,0
21685,13300,0
10885,13315,0
11425,13315,0
11500,13315,0
18175,13315,0
10195,13330,0
21520,13330,0
21520,13330,0
21520,13330,0
12325,13345,0
13345,13345,0
17875,13345,0
17875,13345,0
20020,13345,0
20020,13345,0
10615,13360,0
10615,13360,0
13015,13360,0
13360,13360,0
13945,13360,0
13945,13360,0
16360,13360,0
16600,13360,0
17800,13360,0
18310,13360,0
18310,13360,0
18925,13360,0
19810,13360,0
18670,13375,0
11935,13390,0
17740,13390,0
20230,13390,0
20770,13390,0
21370,13390,0
10330,13405,0
15415,13405,0
15415,13405,0
15865,13405,0
15865,13405,0
11410,13420,0
11410,13420,0
12010,13420,0
15880,13435,0
17155,13435,0
17155,13435,0
18940,13435,0
13540,13465,0
16030,13465,0
16570,13465,0
16570,13465,0
10855,13480,0
13225,13480,0
17695,13480,0
21190,13480,0
21205,13480,0
11095,13495,0
15460,13510,0
15955,13510,0
15955,13510,0
14095,13525,0
19510,13525,0
19510,13525,0
19750,13525,0
19750,13525,0
13540,13540,0
15385,13540,0
15880,13540,0
15880,13540,0
17440,13555,0
11620,13570,0
12865,13615,0
10390,13630,0
20140,13630,0
13405,13645,0
13405,13645,0
16000,13645,0
16120,13645,0
17380,13645,0
18730,13660,0
18730,13660,0
21115,13660,0
12070,13675,0
21475,13675,0
21700,13675,0
21700,13675,0
13330,13690,0
13330,13690,0
16315,13705,0
16825,13705,0
18970,13705,0
21805,13705,0
19150,13720,0
19150,13720,0
13735,13735,0
15805,13735,0
15955,13735,0
16675,13735,0
16675,13735,0
16675,13735,0
16675,13735,0
18790,13735,0
20200,13735,0
13525,13750,0
14890,13750,0
19420,13750,0
21250,13750,0
10810,13780,0
13810,13780,0
15655,13780,0
11725,13795,0
12820,13795,0
19735,13795,0
10390,13810,0
10390,13810,0
13345,13810,0
13825,13810,0
14350,13810,0
14350,13810,0
14350,13810,0
14350,13810,0
14470,13810,0
14470,13810,0
17860,13810,0
17980,13810,0
17980,13810,0
19615,13810,0
16165,13825,0
17650,13825,0
14710,13840,0
17665,13840,0
20035,13840,0
21565,13840,0
21565,13840,0
16510,13855,0
16510,13855,0
20380,13855,0
20380,13855,0
19345,13870,0
19345,13870,0
19345,13870,0
10195,13885,0
10195,13885,0
11185,13885,0
11770,13885,0
15370,13885,0
15370,13885,0
19420,13885,0
20065,13900,0
20125,13900,0
10015,13930,0
10015,13930,0
11845,13930,0
12460,13930,0
12460,13930,0
19840,13930,0
20785,13930,0
10615,13945,0
12445,13945,0
13510,13945,0
11020,13960,0
16510,13960,0
16660,13960,0
14170,13975,0
15265,13975,0
16915,13990,0
15355,14005,0
15355,14005,0
15655,14005,0
15970,14005,0
19930,14005,0
21265,14005,0
11290,14035,0
15205,14035,0
16660,14035,0
16660,14035,0
16660,14035,0
20335,14035,0
10705,14050,0
16810,14050,0
16810,14050,0
20185,14050,0
16465,14065,0
17665,14065,0
11380,14095,0
13360,14095,0
15190,14095,0
18130,14095,0
18520,14095,0
19600,14095,0
20275,14095,0
20275,14095,0
20275,14095,0
16195,14110,0
13960,14140,0
12685,14170,0
13345,14170,0
13750,14170,0
13870,14170,0
18520,14170,0
20065,14170,0
10720,14185,0
15385,14185,0
18655,14185,0
18655,14185,0
15655,14200,0
15655,14200,0
18400,14200,0
20170,14200,0
20545,14200,0
20770,14200,0
10810,14215,0
10405,14230,0
15340,14230,0
17755,14230,0
14200,14245,0
11035,14275,0
15070,14275,0
17320,14275,0
17320,14275,0
17860,14275,0
18115,14275,0
18115,14275,0
21550,14275,0
15385,14290,0
15385,14290,0
21010,14290,0
20500,14305,0
10045,14320,0
19165,14320,0
20095,14320,0
20485,14320,0
21460,14320,0
18745,14335,0
18745,14335,0
10225,14350,0
14890,14350,0
15445,14350,0
19195,14350,0
19195,14350,0
19195,14350,0
20155,14350,0
10330,14365,0
11080,14365,0
18895,14365,0
18895,14365,0
11725,14395,0
12535,14395,0
14395,14395,0
15115,14395,0
15115,14395,0
15565,14395,0
18100,14395,0
18100,14395,0
19945,14395,0
21880,14395,0
13735,14410,0
17500,14410,0
19075,14410,0
19855,14410,0
18940,14425,0
19045,14425,0
11905,14440,0
12055,14440,0
12520,14440,0
15025,14440,0
15025,14440,0
15790,14440,0
17650,14440,0
17650,14440,0
20590,14440,0
20590,14440,0
21070,14440,0
14680,14455,0
18160,14455,0
18160,14455,0
18160,14455,0
10840,14470,0
11065,14470,0
11515,14470,0
11515,14470,0
11515,14470,0
12910,14470,0
13150,14470,0
13150,14470,0
13150,14470,0
15385,14470,0
14200,14485,0
18040,14500,0
15520,14515,0
20170,14515,0
11095,14530,0
17260,14545,0
17260,14545,0
17560,14545,0
17650,14545,0
19690,14545,0
19690,14545,0
19390,14560,0
14200,14575,0
14200,14575,0
16585,14575,0
16585,14575,0
16585,14575,0
18505,14575,0
13480,14590,0
13480,14590,0
12025,14605,0
12715,14605,0
12715,14605,0
14605,14605,0
14605,14605,0
14605,14605,0
14605,14605,0
15355,14605,0
15625,14605,0
16225,14605,0
16225,14605,0
21880,14605,0
21880,14605,0
10585,14635,0
21580,14635,0
13825,14650,0
16345,14680,0
17305,14680,0
18130,14680,0
18130,14680,0
19870,14680,0
19045,14695,0
16060,14710,0
16060,14710,0
19210,14710,0
20185,14710,0
13945,14740,0
15385,14740,0
19180,14740,0
19825,14740,0
16240,14755,0
17980,14800,0
18400,14800,0
21265,14800,0
17980,14830,0
17980,14830,0
11725,14845,0
16195,14845,0
19270,14845,0
19270,14845,0
19270,14845,0
19270,14845,0
16210,14860,0
16210,14860,0
16690,14875,0
16690,14875,0
16690,14875,0
20935,14875,0
11635,14890,0
13660,14890,0
14365,14890,0
11425,14905,0
11425,14905,0
14095,14935,0
20065,14935,0
10930,14950,0
11785,14950,0
11785,14950,0
17155,14950,0
12205,14980,0
11890,15010,0
15190,15010,0
15190,15010,0
16750,15010,0
16990,15010,0
17890,15010,0
20740,15010,0
20740,15010,0
13150,15025,0
13630,15025,0
13630,15025,0
10375,15040,0
19900,15040,0
21595,15040,0
13150,15070,0
13675,15070,0
11695,15085,0
19465,15085,0
21685,15085,0
17875,15100,0
19150,15100,0
19180,15100,0
19180,15100,0
19585,15100,0
19585,15100,0
19585,15100,0
10315,15115,0
10315,15115,0
10315,15115,0
10675,15115,0
11275,15115,0
12895,15115,0
13930,15115,0
14470,15115,0
17890,15115,0
18295,15130,0
13075,15145,0
14575,15145,0
18355,15145,0
19420,15145,0
20095,15145,0
20095,15145,0
16750,15160,0
18205,15160,0
18805,15160,0
19165,15160,0
13135,15175,0
14275,15175,0
18130,15175,0
21205,15175,0
21205,15175,0
10195,15190,0
10195,15190,0
11860,15190,0
11860,15190,0
15160,15190,0
11020,15205,0
12715,15205,0
19720,15205,0
20485,15205,0
20485,15205,0
20485,15205,0
20485,15205,0
21025,15205,0
21025,15205,0
21025,15205,0
21445,15205,0
11260,15220,0
11260,15220,0
14275,15220,0
17485,15220,0
18835,15220,0
20065,15220,0
20290,15220,0
21640,15220,0
10525,15235,0
10525,15235,0
11680,15235,0
15700,15235,0
18580,15235,0
18580,15235,0
18580,15235,0
18580,15235,0
21415,15235,0
21760,15235,0
10540,15250,0
10570,15250,0
12205,15250,0
18220,15250,0
18520,15265,0
19015,15265,0
15220,15280,0
15220,15280,0
17365,15295,0
17485,15295,0
18010,15310,0
21115,15310,0
12955,15325,0
12955,15325,0
14410,15325,0
10615,15340,0
11815,15340,0
15340,15340,0
15340,15340,0
15385,15340,0
16120,15340,0
16120,15340,0
16855,15340,0
16855,15340,0
16855,15340,0
18745,15340,0
10645,15355,0
10645,15355,0
10930,15355,0
10015,15370,0
11665,15370,0
11905,15370,0
13750,15370,0
14545,15370,0
20935,15370,0
11035,15385,0
13165,15385,0
13165,15385,0
14905,15385,0
15220,15385,0
15385,15385,0
15385,15385,0
15385,15385,0
16690,15385,0
16690,15385,0
17485,15385,0
17485,15385,0
17485,15385,0
18415,15385,0
18415,15385,0
18580,15385,0
18580,15385,0
18580,15385,0
15190,15400,0
19720,15400,0
10675,15415,0
10675,15415,0
20980,15415,0
21670,15415,0
21670,15415,0
14455,15430,0
13810,15445,0
20005,15445,0
21070,15445,0
10750,15460,0
10750,15460,0
10750,15460,0
16210,15460,0
21325,15475,0
12010,15505,0
10630,15520,0
13075,15520,0
13225,15520,0
19900,15520,0
21580,15520,0
21685,15520,0
10195,15535,0
16540,15535,0
11215,15550,0
14605,15550,0
17830,15550,0
18940,15550,0
21505,15550,0
13030,15565,0
13030,15565,0
18610,15565,0
11545,15580,0
20410,15580,0
20905,15580,0
20905,15580,0
21295,15580,0
11020,15595,0
14650,15595,0
10465,15610,0
16600,15610,0
18895,15610,0
11080,15625,0
13405,15625,0
13780,15625,0
16975,15625,0
18505,15625,0
11800,15640,0
12805,15640,0
14860,15640,0
14860,15640,0
17530,15640,0
17530,15640,0
17530,15640,0
12850,15655,0
13090,15655,0
17230,15655,0
18160,15655,0
20935,15655,0
12355,15670,0
16060,15670,0
18865,15670,0
19150,15670,0
16120,15685,0
16120,15685,0
16120,15685,0
16570,15685,0
18655,15685,0
18655,15685,0
11365,15700,0
17815,15700,0
14875,15715,0
14875,15715,0
14875,15715,0
14875,15715,0
15370,15715,0
11770,15730,0
11770,15730,0
11995,15730,0
16360,15730,0
18205,15730,0
11020,15745,0
15460,15745,0
16315,15745,0
15160,15790,0
15520,15790,0
17980,15790,0
18520,15790,0
20830,15790,0
13735,15805,0
15235,15805,0
11785,15820,0
13885,15820,0
13885,15820,0
13885,15820,0
15730,15820,0
20170,15820,0
20440,15820,0
16165,15850,0
11635,15865,0
12535,15865,0
21385,15865,0
21385,15865,0
12955,15880,0
17080,15880,0
17155,15880,0
17545,15880,0
17545,15880,0
18550,15880,0
12010,15910,0
16240,15925,0
12055,15955,0
12745,15955,0
12745,15955,0
15145,15955,0
15685,15955,0
17410,15955,0
19105,15955,0
20380,15955,0
20380,15955,0
10615,15970,0
10645,15970,0
10645,15970,0
15370,15970,0
15370,15970,0
18400,15970,0
13165,15985,0
11140,16000,0
15910,16000,0
16795,16000,0
18010,16015,0
10795,16030,0
10795,16030,0
11800,16030,0
15625,16030,0
15625,16030,0
18250,16030,0
21475,16045,0
10555,16060,0
15580,16060,0
19270,16060,0
19270,16060,0
19270,16060,0
21700,16060,0
12010,16075,0
17125,16090,0
20695,16090,0
18985,16105,0
21640,16105,0
10345,16120,0
10720,16120,0
10720,16120,0
14185,16120,0
16855,16120,0
16855,16120,0
17200,16120,0
17575,16120,0
18820,16120,0
19570,16120,0
21685,16120,0
21685,16120,0
10930,16135,0
11380,16135,0
11530,16135,0
13870,16135,0
14290,16135,0
14470,16135,0
16240,16135,0
17125,16135,0
19360,16135,0
10360,16165,0
10765,16165,0
11950,16165,0
12085,16165,0
18460,16165,0
20755,16165,0
20755,16165,0
20755,16165,0
17200,16180,0
11725,16195,0
11725,16195,0
11410,16210,0
12160,16210,0
13180,16210,0
14350,16210,0
16780,16210,0
19300,16210,0
19300,16210,0
19300,16210,0
19300,16210,0
20005,16210,0
20755,16210,0
14395,16225,0
15250,16225,0
15250,16225,0
16225,16225,0
16225,16225,0
16225,16225,0
16690,16225,0
19780,16225,0
20140,16225,0
20410,16225,0
20410,16225,0
20800,16225,0
20800,16225,0
20935,16225,0
12010,16240,0
12010,16240,0
12010,16240,0
16015,16240,0
17065,16240,0
18670,16255,0
12055,16270,0
12055,16270,0
20095,16270,0
20965,16270,0
12865,16300,0
12865,16300,0
12835,16315,0
20770,16315,0
17920,16330,0
12580,16345,0
18565,16345,0
19990,16345,0
19990,16345,0
19990,16345,0
21610,16345,0
17935,16360,0
20935,16360,0
11455,16390,0
12055,16390,0
16000,16390,0
16690,16390,0
15580,16405,0
13225,16420,0
11830,16435,0
12745,16435,0
13555,16435,0
11785,16465,0
15085,16465,0
19555,16465,0
21175,16465,0
15220,16480,0
19225,16480,0
21595,16480,0
21610,16480,0
11905,16495,0
15265,16495,0
16570,16495,0
20455,16495,0
21115,16495,0
12430,16510,0
14050,16510,0
20380,16510,0
12445,16540,0
12070,16555,0
12850,16555,0
15640,16555,0
20140,16555,0
10420,16570,0
10540,16570,0
15550,16570,0
15550,16570,0
18325,16570,0
18325,16570,0
18325,16570,0
20800,16570,0
21775,16570,0
21775,16570,0
21775,16570,0
21775,16570,0
15250,16585,0
15955,16585,0
17815,16585,0
17815,16585,0
19030,16585,0
15175,16600,0
16225,16600,0
18670,16600,0
14575,16645,0
16300,16660,0
16300,16660,0
16465,16660,0
17230,16660,0
20830,16660,0
21445,16660,0
21445,16660,0
12985,16675,0
15235,16675,0
15235,16675,0
18865,16675,0
20290,16675,0
20290,16675,0
20290,16675,0
10705,16690,0
10705,16690,0
11515,16690,0
11515,16690,0
12070,16690,0
12070,16690,0
12070,16690,0
16555,16690,0
16555,16690,0
16555,16690,0
16690,16690,0
16840,16690,0
17335,16690,0
17380,16690,0
17785,16690,0
17815,16690,0
19120,16690,0
19345,16690,0
19345,16690,0
20545,16690,0
21790,16705,0
12520,16720,0
11875,16750,0
13540,16750,0
15880,16750,0
17830,16750,0
19990,16750,0
19990,16750,0
20935,16750,0
13150,16780,0
13855,16780,0
13855,16780,0
18580,16780,0
20905,16780,0
20905,16780,0
10375,16795,0
11785,16795,0
11785,16795,0
10405,16810,0
12865,16810,0
12865,16810,0
13360,16810,0
13990,16810,0
17725,16810,0
18670,16810,0
11365,16825,0
16420,16825,0
12355,16840,0
17125,16840,0
20560,16840,0
14605,16855,0
14605,16855,0
14605,16855,0
14605,16855,0
16855,16855,0
16855,16855,0
19120,16855,0
20335,16855,0
20680,16855,0
21565,16855,0
21790,16855,0
19390,16870,0
17845,16900,0
21010,16915,0
21010,16915,0
10510,16930,0
10510,16930,0
13525,16945,0
20725,16945,0
13870,16960,0
11890,16975,0
13150,16975,0
13150,16975,0
13150,16975,0
13150,16975,0
13150,16975,0
18175,16975,0
10975,16990,0
13180,16990,0
13180,16990,0
20395,16990,0
12160,17065,0
13840,17065,0
12070,17080,0
11785,17095,0
21340,17095,0
10225,17110,0
11080,17110,0
11080,17110,0
17680,17110,0
12670,17125,0
12670,17125,0
13015,17125,0
13060,17125,0
14935,17125,0
15100,17125,0
17320,17125,0
19585,17125,0
20155,17125,0
10090,17140,0
10090,17140,0
12325,17140,0
13390,17140,0
13390,17140,0
17740,17140,0
17740,17140,0
10195,17155,0
14290,17155,0
19960,17155,0
19960,17155,0
19960,17155,0
13375,17170,0
20515,17170,0
13180,17185,0
18130,17185,0
10720,17200,0
20995,17200,0
20995,17200,0
10720,17215,0
15685,17215,0
16120,17215,0
18370,17215,0
10975,17230,0
11920,17230,0
14050,17230,0
15010,17230,0
15010,17230,0
15010,17230,0
17230,17230,0
18325,17230,0
20515,17230,0
20515,17230,0
21460,17230,0
10645,17245,0
15520,17245,0
21745,17260,0
21745,17260,0
13795,17305,0
21385,17305,0
21385,17305,0
21385,17305,0
21385,17305,0
11455,17320,0
11575,17320,0
11575,17320,0
15010,17320,0
16690,17320,0
16690,17320,0
18370,17320,0
18445,17320,0
18505,17320,0
20725,17320,0
21085,17320,0
21265,17320,0
11380,17335,0
15325,17335,0
18655,17335,0
18655,17335,0
14365,17365,0
15970,17365,0
11515,17380,0
13120,17380,0
10570,17410,0
10570,17410,0
14950,17410,0
16225,17410,0
12115,17440,0
15820,17440,0
15820,17440,0
20785,17440,0
10495,17455,0
17335,17455,0
17335,17455,0
15685,17470,0
10375,17485,0
10375,17485,0
10450,17485,0
10450,17485,0
10450,17485,0
11425,17485,0
14830,17485,0
14830,17485,0
16135,17485,0
16975,17500,0
15415,17515,0
10255,17530,0
11365,17530,0
15445,17530,0
15445,17530,0
18025,17530,0
18520,17530,0
10585,17545,0
10585,17545,0
10585,17545,0
11740,17545,0
12835,17545,0
12835,17545,0
16780,17545,0
17155,17545,0
16390,17560,0
21745,17560,0
10810,17575,0
10810,17575,0
10810,17575,0
14005,17575,0
15340,17575,0
11125,17590,0
11125,17590,0
13360,17590,0
16750,17590,0
16750,17590,0
20440,17590,0
21295,17590,0
15115,17605,0
15115,17605,0
15115,17605,0
10645,17620,0
12055,17620,0
15715,17620,0
21460,17620,0
12310,17650,0
14680,17650,0
15610,17650,0
16930,17650,0
17740,17650,0
17740,17650,0
18040,17650,0
18040,17650,0
18565,17650,0
19525,17650,0
20815,17650,0
21565,17650,0
12295,17665,0
12295,17665,0
13030,17665,0
17140,17665,0
17140,17665,0
18730,17665,0
18730,17665,0
20890,17665,0
20440,17680,0
21610,17680,0
12010,17695,0
12010,17695,0
18160,17695,0
19045,17695,0
19045,17695,0
14065,17710,0
14245,17710,0
15670,17710,0
21610,17710,0
13000,17725,0
15730,17725,0
15730,17725,0
19390,17725,0
10945,17740,0
11020,17740,0
11020,17740,0
12595,17740,0
12595,17740,0
14845,17740,0
20170,17740,0
11815,17755,0
15160,17770,0
11365,17785,0
11365,17785,0
12070,17785,0
14305,17785,0
14410,17785,0
11710,17800,0
11710,17800,0
13135,17800,0
13135,17800,0
13135,17800,0
14455,17800,0
16495,17800,0
12745,17815,0
12745,17815,0
14845,17815,0
18040,17815,0
21355,17815,0
17650,17830,0
18040,17830,0
18040,17830,0
18040,17830,0
14275,17845,0
19045,17845,0
10585,17860,0
10585,17860,0
13675,17860,0
15610,17860,0
17515,17860,0
21490,17860,0
14230,17875,0
14230,17875,0
16480,17875,0
20020,17875,0
12220,17890,0
13270,17890,0
13270,17890,0
10315,17920,0
10420,17920,0
15115,17920,0
15115,17920,0
15115,17920,0
16135,17920,0
16135,17920,0
20695,17920,0
11455,17935,0
11455,17935,0
13735,17935,0
14005,17935,0
11260,17965,0
12880,17965,0
10030,17980,0
10030,17980,0
13165,17980,0
14275,17980,0
16570,17980,0
16570,17980,0
17650,17980,0
17860,17980,0
10165,17995,0
10585,17995,0
17860,17995,0
14710,18010,0
14710,18010,0
14710,18010,0
10015,18025,0
12880,18025,0
20005,18025,0
20005,18025,0
20005,18025,0
21925,18025,0
21925,18025,0
21925,18025,0
13120,18040,0
13120,18040,0
13120,18040,0
13120,18040,0
14980,18040,0
15250,18040,0
16585,18040,0
16660,18055,0
14200,18070,0
17665,18070,0
20260,18070,0
10420,18100,0
11515,18100,0
11515,18100,0
10900,18115,0
12745,18115,0
13675,18115,0
20095,18115,0
12595,18130,0
13285,18130,0
16990,18130,0
18535,18130,0
20035,18130,0
21805,18130,0
10030,18160,0
12850,18160,0
14575,18160,0
17125,18160,0
17230,18160,0
19420,18160,0
20515,18160,0
20515,18160,0
10045,18175,0
16975,18175,0
13075,18205,0
18160,18205,0
20935,18205,0
10750,18220,0
20995,18235,0
11020,18250,0
11110,18250,0
11290,18250,0
11680,18250,0
12610,18250,0
19810,18250,0
15550,18265,0
11965,18295,0
17110,18295,0
19090,18295,0
10375,18310,0
10495,18310,0
15100,18310,0
20950,18310,0
11830,18325,0
11830,18325,0
11830,18325,0
13885,18325,0
13885,18325,0
13885,18325,0
16120,18325,0
16750,18325,0
17545,18325,0
10360,18340,0
11995,18340,0
14410,18340,0
17575,18340,0
17935,18340,0
13300,18355,0
14350,18355,0
11545,18370,0
19195,18370,0
20710,18400,0
14800,18415,0
17320,18415,0
20065,18415,0
17545,18445,0
19210,18445,0
19210,18445,0
12445,18460,0
15100,18475,0
20935,18475,0
13000,18490,0
15100,18490,0
15100,18490,0
10810,18505,0
20545,18505,0
20770,18505,0
21025,18505,0
21025,18505,0
21400,18505,0
21400,18505,0
21610,18505,0
15145,18520,0
18130,18520,0
17095,18535,0
17470,18535,0
14290,18550,0
21175,18550,0
10360,18565,0
11545,18565,0
16390,18565,0
19045,18565,0
10690,18580,0
10690,18580,0
10690,18580,0
11695,18580,0
11800,18580,0
13120,18580,0
13930,18580,0
17665,18580,0
20410,18580,0
20410,18580,0
20410,18580,0
20410,18580,0
20575,18580,0
21730,18580,0
10405,18595,0
21520,18595,0
13240,18610,0
13240,18610,0
17455,18610,0
17620,18610,0
17620,18610,0
19360,18610,0
12610,18625,0
13480,18625,0
15865,18625,0
19075,18625,0
12355,18640,0
13000,18640,0
10510,18655,0
10585,18655,0
10585,18655,0
10720,18655,0
11605,18655,0
11605,18655,0
13855,18655,0
14185,18655,0
15160,18655,0
15955,18655,0
20845,18655,0
14395,18670,0
16915,18670,0
19930,18670,0
19930,18670,0
20290,18670,0
20290,18670,0
17530,18685,0
17530,18685,0
17725,18685,0
21205,18685,0
21205,18685,0
11635,18700,0
11635,18700,0
10975,18730,0
15820,18730,0
17605,18730,0
17605,18730,0
17920,18730,0
17920,18730,0
15340,18745,0
15340,18745,0
15340,18745,0
15340,18745,0
15340,18745,0
15970,18745,0
15520,18760,0
15520,18760,0
13615,18790,0
13075,18805,0
13630,18805,0
21415,18820,0
11020,18835,0
13930,18835,0
19615,18835,0
14635,18865,0
10840,18895,0
14395,18895,0
14905,18895,0
15565,18895,0
18895,18895,0
10570,18925,0
11320,18925,0
11320,18925,0
13420,18925,0
16495,18925,0
20950,18925,0
21550,18925,0
12790,18940,0
13510,18940,0
14500,18940,0
17230,18940,0
17830,18940,0
17830,18940,0
20200,18940,0
14335,18970,0
15010,18970,0
17575,18970,0
17575,18970,0
11290,18985,0
13795,18985,0
17095,18985,0
17665,18985,0
21640,19015,0
21685,19015,0
13000,19030,0
13000,19030,0
15370,19045,0
15400,19045,0
16690,19045,0
16690,19045,0
17230,19045,0
17860,19045,0
17995,19045,0
13840,19060,0
10570,19075,0
11800,19075,0
12535,19075,0
15640,19075,0
16975,19075,0
16975,19075,0
20080,19075,0
20080,19075,0
14110,19090,0
10630,19105,0
13810,19105,0
15415,19105,0
14605,19120,0
17125,19120,0
10240,19135,0
12055,19150,0
12745,19150,0
15220,19150,0
16270,19150,0
16270,19150,0
16270,19150,0
17695,19150,0
10975,19165,0
13135,19165,0
13345,19165,0
13345,19165,0
14635,19165,0
15955,19165,0
16210,19165,0
17140,19165,0
17230,19165,0
17410,19165,0
18550,19165,0
19165,19165,0
19165,19165,0
19165,19165,0
20365,19165,0
10450,19180,0
11695,19180,0
11695,19180,0
18940,19180,0
20545,19180,0
20935,19180,0
13270,19195,0
14950,19195,0
14950,19195,0
17200,19195,0
20335,19195,0
11650,19210,0
12625,19210,0
14845,19210,0
14845,19210,0
16120,19210,0
16120,19210,0
18340,19210,0
14275,19225,0
12430,19240,0
16810,19240,0
14695,19255,0
15295,19255,0
17590,19255,0
17590,19255,0
11020,19270,0
11020,19270,0
11380,19270,0
11725,19270,0
11725,19270,0
11725,19270,0
11725,19270,0
13465,19270,0
20410,19270,0
11065,19300,0
11065,19300,0
12880,19300,0
12985,19300,0
12985,19300,0
14215,19300,0
14350,19300,0
17110,19300,0
17110,19300,0
17110,19300,0
20950,19300,0
13000,19330,0
10060,19345,0
10060,19345,0
11545,19345,0
13330,19345,0
14845,19345,0
14845,19345,0
18595,19345,0
11545,19360,0
12595,19360,0
21220,19375,0
17485,19390,0
17485,19390,0
19750,19390,0
19750,19390,0
20305,19390,0
18505,19420,0
18505,19420,0
19045,19420,0
20275,19420,0
20275,19420,0
21340,19420,0
17125,19435,0
19240,19450,0
21265,19450,0
11005,19465,0
10420,19510,0
10420,19510,0
13435,19510,0
13435,19510,0
13930,19510,0
14560,19510,0
20020,19510,0
16435,19525,0
12955,19555,0
12955,19555,0
14320,19555,0
16660,19555,0
10570,19570,0
10570,19570,0
10570,19570,0
10570,19570,0
19075,19570,0
19075,19570,0
19075,19570,0
19570,19570,0
19570,19570,0
10450,19585,0
14050,19585,0
16570,19585,0
19180,19585,0
19180,19585,0
20935,19585,0
11470,19600,0
18025,19600,0
20230,19600,0
20230,19600,0
11950,19615,0
14440,19615,0
17650,19615,0
21100,19615,0
21100,19615,0
13270,19630,0
18580,19645,0
15235,19660,0
13705,19675,0
15010,19675,0
21745,19690,0
21745,19690,0
15235,19720,0
16840,19720,0
11410,19735,0
12145,19750,0
12145,19750,0
17230,19750,0
18325,19750,0
18940,19750,0
21595,19750,0
14440,19765,0
14440,19765,0
12160,19780,0
13750,19780,0
15205,19780,0
15205,19780,0
15205,19780,0
15205,19780,0
15205,19780,0
15205,19780,0
15205,19780,0
19780,19780,0
13435,19795,0
17710,19795,0
17860,19795,0
11695,19810,0
15220,19810,0
15655,19825,0
12160,19840,0
19615,19840,0
19615,19840,0
10930,19855,0
16975,19855,0
20815,19855,0
21460,19870,0
21460,19870,0
21835,19870,0
21835,19870,0
16480,19885,0
11080,19900,0
16570,19900,0
10645,19930,0
10645,19930,0
10645,19930,0
16690,19930,0
16690,19930,0
21880,19945,0
10540,19960,0
14740,19960,0
15385,19960,0
15670,19960,0
13015,19975,0
14050,19975,0
17740,19975,0
19240,19975,0
11380,19990,0
14035,19990,0
14035,19990,0
18250,19990,0
18250,19990,0
20335,19990,0
11650,20005,0
12625,20005,0
13360,20005,0
13705,20005,0
19975,20005,0
20755,20005,0
14230,20020,0
16210,20020,0
16210,20020,0
20020,20020,0
20020,20020,0
20155,20020,0
20155,20020,0
21040,20020,0
21145,20020,0
21145,20020,0
13630,20035,0
16945,20035,0
17800,20035,0
18130,20035,0
21565,20035,0
12565,20065,0
13750,20065,0
16795,20065,0
21640,20065,0
21640,20065,0
13660,20080,0
13660,20080,0
15310,20080,0
18730,20080,0
11650,20095,0
13705,20095,0
14575,20095,0
15130,20095,0
17140,20095,0
17140,20095,0
18295,20095,0
21340,20095,0
21610,20095,0
12565,20125,0
14395,20125,0
18655,20125,0
11815,20140,0
13480,20140,0
15655,20140,0
16000,20155,0
20335,20155,0
20455,20155,0
11080,20170,0
16090,20170,0
19435,20170,0
21145,20170,0
21145,20170,0
10555,20185,0
16030,20185,0
15955,20200,0
15955,20200,0
13360,20215,0
21445,20215,0
11890,20230,0
12070,20230,0
12355,20230,0
15655,20230,0
20410,20230,0
21385,20230,0
10945,20260,0
10945,20260,0
10945,20260,0
10240,20275,0
11860,20275,0
21190,20275,0
21190,20275,0
21190,20275,0
10570,20290,0
12280,20290,0
12280,20290,0
12280,20290,0
12280,20290,0
18685,20290,0
10375,20305,0
16585,20305,0
18580,20305,0
10375,20335,0
14485,20335,0
14605,20335,0
16465,20335,0
16795,20335,0
14320,20350,0
10975,20365,0
16660,20365,0
20620,20365,0
10615,20380,0
12895,20380,0
14425,20380,0
15010,20380,0
15550,20380,0
18925,20380,0
18835,20395,0
19840,20395,0
19840,20395,0
20005,20395,0
21355,20395,0
10570,20410,0
10570,20410,0
12220,20410,0
13540,20410,0
14515,20410,0
16990,20410,0
19255,20410,0
20215,20410,0
20785,20410,0
12190,20440,0
12325,20440,0
12790,20440,0
13420,20440,0
15505,20440,0
16135,20440,0
16780,20440,0
16780,20440,0
12880,20455,0
17230,20455,0
17230,20455,0
19975,20470,0
11905,20485,0
14095,20485,0
14095,20485,0
14095,20485,0
18325,20485,0
19420,20485,0
21595,20500,0
10330,20515,0
10330,20515,0
12760,20515,0
13525,20515,0
19270,20515,0
11380,20545,0
16030,20545,0
18100,20545,0
18685,20545,0
20680,20545,0
19780,20560,0
19780,20560,0
19780,20560,0
11980,20575,0
10015,20590,0
10015,20590,0
19390,20590,0
20620,20590,0
20620,20590,0
20620,20590,0
11425,20620,0
13135,20620,0
18730,20620,0
18730,20620,0
20740,20620,0
21565,20620,0
12250,20635,0
13930,20665,0
19870,20665,0
10510,20680,0
19570,20680,0
19570,20680,0
11530,20695,0
11545,20695,0
10270,20710,0
15040,20725,0
16345,20725,0
15235,20740,0
19855,20740,0
20860,20740,0
20860,20740,0
12565,20755,0
13015,20755,0
13900,20755,0
14140,20755,0
14170,20755,0
14320,20755,0
16855,20755,0
17560,20755,0
18415,20755,0
19390,20755,0
20035,20755,0
21205,20755,0
21205,20755,0
11725,20770,0
13960,20770,0
15790,20770,0
18655,20770,0
20545,20770,0
10330,20785,0
13360,20785,0
14005,20785,0
17305,20785,0
17590,20785,0
11515,20800,0
11515,20800,0
17665,20800,0
20470,20800,0
13570,20815,0
17530,20815,0
17845,20815,0
10150,20830,0
12865,20830,0
17545,20830,0
17545,20830,0
19975,20845,0
20815,20860,0
21760,20860,0
16675,20875,0
18670,20875,0
15790,20905,0
15790,20905,0
15790,20905,0
17245,20905,0
18760,20905,0
18760,20905,0
21775,20905,0
10150,20935,0
10765,20935,0
13735,20935,0
13735,20935,0
15145,20935,0
16690,20935,0
16690,20935,0
16690,20935,0
16690,20935,0
20095,20935,0
20095,20935,0
20095,20935,0
11065,20950,0
11110,20950,0
13075,20950,0
13090,20950,0
19765,20950,0
19765,20950,0
20995,20965,0
12535,20980,0
12535,20980,0
12535,20980,0
18130,20980,0
10045,20995,0
10885,20995,0
12715,20995,0
13135,20995,0
13135,20995,0
16825,20995,0
12160,21010,0
13090,21010,0
13090,21010,0
15010,21010,0
15205,21010,0
17665,21010,0
20620,21010,0
11725,21025,0
11725,21025,0
11785,21025,0
11785,21025,0
13885,21025,0
14095,21025,0
15400,21025,0
11875,21040,0
20455,21040,0
20755,21040,0
13360,21070,0
13630,21070,0
15790,21070,0
15790,21070,0
16180,21085,0
19165,21085,0
21070,21100,0
21070,21100,0
10960,21115,0
17920,21115,0
17920,21115,0
10180,21130,0
11830,21130,0
11515,21145,0
11515,21145,0
11950,21145,0
17140,21145,0
18295,21145,0
18115,21175,0
10705,21190,0
13405,21190,0
13405,21190,0
15415,21190,0
17590,21190,0
18160,21190,0
19795,21190,0
21835,21190,0
10255,21205,0
10255,21205,0
12910,21205,0
14005,21205,0
16120,21205,0
17170,21205,0
20485,21205,0
21550,21205,0
11500,21250,0
10870,21265,0
12430,21265,0
12430,21265,0
14950,21265,0
16345,21265,0
16345,21265,0
17545,21265,0
20935,21265,0
11680,21295,0
16315,21295,0
20980,21295,0
21040,21295,0
17125,21325,0
13330,21340,0
15820,21340,0
15820,21340,0
18505,21340,0
20770,21340,0
11275,21355,0
15685,21355,0
15685,21355,0
15955,21355,0
17215,21355,0
17215,21355,0
13000,21370,0
10750,21385,0
10750,21385,0
15175,21385,0
15175,21385,0
15175,21385,0
18340,21385,0
18340,21385,0
18340,21385,0
19255,21385,0
17200,21400,0
17200,21400,0
12325,21415,0
18745,21415,0
20785,21415,0
18310,21445,0
18490,21445,0
18490,21445,0
19165,21445,0
19165,21445,0
19165,21445,0
19165,21445,0
10420,21460,0
11785,21460,0
13000,21460,0
15085,21460,0
18925,21460,0
20440,21460,0
20440,21460,0
20440,21460,0
19210,21475,0
19450,21475,0
12070,21490,0
16060,21490,0
16060,21490,0
17815,21505,0
10045,21520,0
10045,21520,0
10045,21520,0
13720,21520,0
17665,21520,0
19150,21520,0
19150,21520,0
17605,21550,0
19930,21550,0
19930,21550,0
10975,21565,0
16480,21565,0
17650,21565,0
17650,21565,0
19570,21565,0
20095,21565,0
13315,21580,0
15100,21580,0
15220,21580,0
16105,21580,0
18640,21580,0
20230,21580,0
21265,21580,0
12790,21595,0
15715,21595,0
17305,21595,0
17305,21595,0
17305,21595,0
11095,21610,0
11095,21610,0
11095,21610,0
11095,21610,0
14575,21610,0
14575,21610,0
17320,21640,0
17320,21640,0
17695,21640,0
17695,21640,0
18445,21640,0
10675,21670,0
10675,21670,0
11005,21685,0
13645,21685,0
13645,21685,0
13645,21685,0
15145,21685,0
15145,21685,0
17440,21685,0
17770,21685,0
20905,21685,0
13855,21700,0
14590,21700,0
19450,21700,0
15115,21730,0
12055,21745,0
13645,21745,0
13645,21745,0
13840,21745,0
16390,21745,0
13135,21760,0
14275,21760,0
14365,21760,0
20950,21760,0
13345,21775,0
13345,21775,0
15070,21775,0
15070,21775,0
18985,21775,0
18985,21775,0
20470,21775,0
13000,21790,0
13000,21790,0
14605,21790,0
17575,21805,0
17710,21805,0
11785,21835,0
11785,21835,0
13810,21835,0
17215,21835,0
18685,21835,0
21355,21835,0
10630,21865,0
10630,21865,0
10120,21880,0
13465,21880,0
13465,21880,0
14950,21880,0
16495,21880,0
15085,21925,0
15295,21925,0
16645,21925,0
17710,21925,0
20365,21925,0
20365,21925,0
